candidate_id,pair_key,rank_mean,rank_median,rank_std,top10_selection_count,top10_selection_frequency
P208,"C9,C24",1.0,1.0,0.0,1000,1.0
P200,"C9,C15",2.099,2.0,0.4974398922949852,1000,1.0
P198,"C9,C12",3.105,3.0,0.3716357263680567,1000,1.0
P338,"C15,C24",4.733,4.0,1.524478610881449,1000,1.0
P218,"C9,C35",5.505,6.0,0.722839883720799,1000,1.0
P289,"C12,C24",7.335,7.0,2.1534652104021577,998,0.998
P210,"C9,C26",8.231,8.0,0.8236002169240347,993,0.993
P199,"C9,C13",6.188,6.0,1.775896902922523,963,0.963
P206,"C9,C21",8.095,8.0,1.9218919503105971,911,0.911
P211,"C9,C27",10.922,10.0,1.551232517168951,506,0.506
P504,"C24,C35",10.229,11.0,2.098323607540543,452,0.452
P314,"C13,C24",11.266,11.0,0.8036727504960521,120,0.12
P496,"C24,C26",12.632,13.0,1.1899546176186693,54,0.054
P212,"C9,C28",14.527,15.0,1.4626723523778022,2,0.002
P497,"C24,C27",14.451,14.0,0.7225794912126423,1,0.001
P461,"C21,C24",17.226,17.0,1.4494912987062127,0,0.0
P149,"C7,C24",17.488,17.0,1.581884432680959,0,0.0
P498,"C24,C28",18.411,18.0,0.6406945368032172,0,0.0
P205,"C9,C20",18.614,19.0,2.554119716757131,0,0.0
P281,"C12,C15",19.111,19.5,1.947940829048324,0,0.0
P207,"C9,C22",22.193,21.0,3.073629482907496,0,0.0
P348,"C15,C35",23.053,22.0,3.8003465149422433,0,0.0
P280,"C12,C13",24.805,23.0,3.83610358185108,0,0.0
P443,"C20,C24",25.474,24.0,2.577589565459941,0,0.0
P214,"C9,C30",25.782,25.0,4.373282703142068,0,0.0
P336,"C15,C21",26.998,27.0,1.259993485532199,0,0.0
P340,"C15,C26",27.795,27.0,3.0894205799016,0,0.0
P217,"C9,C33",29.083,29.0,5.325830965725016,0,0.0
P299,"C12,C35",30.67,28.0,8.98486660044699,0,0.0
P213,"C9,C29",33.734,32.0,8.134827559292175,0,0.0
P478,"C22,C24",34.383,32.0,5.434320826271013,0,0.0
P216,"C9,C32",34.906,35.0,6.8578563847746326,0,0.0
P224,"C9,C44",35.177,34.0,4.922184362546665,0,0.0
P287,"C12,C21",35.492,33.0,6.448373245828557,0,0.0
P202,"C9,C17",35.586,35.0,6.097522757955382,0,0.0
P291,"C12,C26",36.066,34.0,8.182578969896868,0,0.0
P341,"C15,C27",36.4,35.0,5.218930660320871,0,0.0
P201,"C9,C16",38.51,38.0,6.784388544882133,0,0.0
P209,"C9,C25",39.279,39.0,7.619265857824637,0,0.0
P500,"C24,C30",41.869,40.0,6.29503506475273,0,0.0
P203,"C9,C18",43.426,41.0,8.34878591330657,0,0.0
P324,"C13,C35",43.876,43.0,7.887003792875267,0,0.0
P215,"C9,C31",45.257,43.0,8.89708430381038,0,0.0
P292,"C12,C27",47.247,46.0,11.121676253275975,0,0.0
P204,"C9,C19",47.942,45.0,9.550699024252204,0,0.0
P503,"C24,C33",48.36,48.0,5.640941430312872,0,0.0
P471,"C21,C35",48.863,48.0,8.820546073403454,0,0.0
P136,"C7,C9",49.468,47.0,10.08715652335815,0,0.0
P221,"C9,C38",49.548,47.0,9.537329639718688,0,0.0
P533,"C26,C35",49.646,49.0,11.111532304329144,0,0.0
P312,"C13,C21",52.518,53.0,3.5315928627388726,0,0.0
P316,"C13,C26",53.05,54.0,5.943469090087442,0,0.0
P220,"C9,C37",53.251,51.0,10.95216640436716,0,0.0
P306,"C13,C15",53.659,55.0,7.421711446883448,0,0.0
P223,"C9,C40",54.82,53.0,10.048012866361328,0,0.0
P222,"C9,C39",56.435,55.0,11.437070498234313,0,0.0
P499,"C24,C29",57.03,58.0,3.659301913000689,0,0.0
P510,"C24,C44",58.35,60.0,10.581941101587995,0,0.0
P502,"C24,C32",59.014,62.0,5.194495816418256,0,0.0
P196,"C9,C10",59.134,58.0,11.548394235105134,0,0.0
P141,"C7,C15",59.316,59.0,5.324142230490327,0,0.0
P383,"C17,C24",59.953,63.0,6.173240631945264,0,0.0
P073,"C5,C9",60.955,59.0,11.671812464489236,0,0.0
P219,"C9,C36",62.257,61.5,11.707263173389888,0,0.0
P361,"C16,C24",63.331,66.0,5.477539816600374,0,0.0
P342,"C15,C28",63.696,65.0,5.320516130216308,0,0.0
P495,"C24,C25",64.158,66.0,5.062871583268595,0,0.0
P546,"C27,C35",64.202,68.0,13.74445728670675,0,0.0
P197,"C9,C11",65.576,65.5,11.920248165047427,0,0.0
P463,"C21,C26",67.636,69.0,5.459057180988791,0,0.0
P404,"C18,C24",69.768,71.0,4.018746860194898,0,0.0
P317,"C13,C27",69.818,72.0,4.875720321003726,0,0.0
P501,"C24,C31",71.604,72.0,3.656303126458824,0,0.0
P139,"C7,C12",72.701,73.0,4.9015940901531865,0,0.0
P424,"C19,C24",74.071,75.0,3.1112117637085737,0,0.0
P507,"C24,C38",75.562,76.0,3.0065254356474687,0,0.0
P166,"C8,C9",75.888,77.0,11.863903582219814,0,0.0
P293,"C12,C28",76.261,78.0,8.639184829283055,0,0.0
P506,"C24,C37",78.419,79.0,2.242870809803695,0,0.0
P509,"C24,C40",79.696,80.0,2.503567824496044,0,0.0
P508,"C24,C39",80.87,81.0,1.9536931480959132,0,0.0
P464,"C21,C27",82.214,82.0,5.49075152892137,0,0.0
P105,"C6,C9",82.453,83.0,10.97370553701954,0,0.0
P236,"C10,C24",83.04,83.0,1.712113118731161,0,0.0
P086,"C5,C24",84.48,84.0,1.6420402846143236,0,0.0
P505,"C24,C36",85.688,86.0,1.6091131859646313,0,0.0
P263,"C11,C24",88.063,88.0,1.497756413531344,0,0.0
P159,"C7,C35",88.245,89.0,4.770086868048497,0,0.0
P335,"C15,C20",88.557,89.0,3.9408477871241447,0,0.0
P558,"C28,C35",89.855,90.0,6.4320561523004685,0,0.0
P140,"C7,C13",91.445,91.0,4.756216626331964,0,0.0
P040,"C4,C9",92.089,92.0,11.537252150628726,0,0.0
P318,"C13,C28",94.181,94.0,3.514340562550756,0,0.0
P526,"C26,C27",94.912,95.0,5.451786677592765,0,0.0
P147,"C7,C21",95.612,94.0,5.068248528154786,0,0.0
P151,"C7,C26",95.769,95.0,3.1345596922796743,0,0.0
P179,"C8,C24",96.426,96.0,1.8384514962064964,0,0.0
P286,"C12,C20",97.172,98.0,5.460240858261683,0,0.0
P465,"C21,C28",98.192,98.0,2.3648950777420823,0,0.0
P527,"C26,C28",98.273,99.0,3.33580553968582,0,0.0
P337,"C15,C22",99.472,101.0,4.520359460225438,0,0.0
P118,"C6,C24",101.992,102.0,3.488280966909648,0,0.0
P540,"C27,C28",103.234,104.0,2.548281330178781,0,0.0
P006,"C3,C9",104.705,103.0,12.593354103159635,0,0.0
P344,"C15,C30",105.239,106.0,2.806020804048454,0,0.0
P288,"C12,C22",106.484,107.0,5.450454242671105,0,0.0
P152,"C7,C27",106.5,105.0,8.096638534327413,0,0.0
P453,"C20,C35",108.062,108.0,4.094009882366791,0,0.0
P347,"C15,C33",109.193,109.0,2.2187099120150147,0,0.0
P053,"C4,C24",109.585,108.0,4.385887710716155,0,0.0
P311,"C13,C20",110.469,111.0,3.119739055076848,0,0.0
P331,"C15,C16",113.597,113.0,3.224125615726842,0,0.0
P295,"C12,C30",114.426,114.0,5.656369729651564,0,0.0
P441,"C20,C21",114.997,114.0,2.218538463248477,0,0.0
P445,"C20,C26",115.456,115.0,1.703221936497111,0,0.0
P579,"C30,C35",115.537,116.0,5.450902984216769,0,0.0
P343,"C15,C29",117.057,117.0,5.849099329209836,0,0.0
P354,"C15,C44",118.793,119.0,3.984724460866651,0,0.0
P346,"C15,C32",119.121,119.0,3.6386259217730266,0,0.0
P332,"C15,C17",120.013,120.0,3.631531222365988,0,0.0
P488,"C22,C35",121.662,121.0,8.169975795833457,0,0.0
P298,"C12,C33",122.403,123.0,4.583841467874144,0,0.0
P297,"C12,C32",123.107,124.0,2.7794381224046494,0,0.0
P019,"C3,C24",123.43,122.0,10.72483669442673,0,0.0
P339,"C15,C25",123.445,123.0,4.475377526422102,0,0.0
P313,"C13,C22",125.767,126.0,3.01194003638565,0,0.0
P333,"C15,C18",129.015,128.0,5.08690983325355,0,0.0
P294,"C12,C29",130.852,131.0,2.371860392544584,0,0.0
P153,"C7,C28",131.119,128.0,12.054382901963397,0,0.0
P345,"C15,C31",131.183,130.0,5.499432221125626,0,0.0
P460,"C21,C22",131.993,132.0,1.1585738186638317,0,0.0
P480,"C22,C26",132.338,133.0,3.830460602646685,0,0.0
P446,"C20,C27",132.377,131.5,6.413423656909235,0,0.0
P334,"C15,C19",134.504,135.0,5.535035737971399,0,0.0
P305,"C12,C44",134.711,134.0,12.184413770836036,0,0.0
P283,"C12,C17",134.924,136.0,5.332415836997204,0,0.0
P603,"C33,C35",135.558,136.0,8.18435211972332,0,0.0
P351,"C15,C38",136.533,137.0,5.112832096993997,0,0.0
P282,"C12,C16",139.039,139.0,5.172062376772856,0,0.0
P320,"C13,C30",139.457,140.0,3.1815520227199325,0,0.0
P290,"C12,C25",139.878,140.0,4.77240944302686,0,0.0
P350,"C15,C37",141.39,142.0,6.942773372514913,0,0.0
P353,"C15,C40",143.394,143.0,5.058097305148285,0,0.0
P352,"C15,C39",145.343,144.0,7.179895674861985,0,0.0
P467,"C21,C30",146.762,147.0,1.4627014375789469,0,0.0
P284,"C12,C18",146.795,146.5,5.507931763585341,0,0.0
P529,"C26,C30",147.16,147.0,3.4140966676495905,0,0.0
P228,"C10,C15",148.978,148.0,7.608377185931536,0,0.0
P296,"C12,C31",149.487,150.0,5.081107029835971,0,0.0
P078,"C5,C15",151.368,150.0,8.042465869200637,0,0.0
P323,"C13,C33",152.184,151.0,5.423426735704797,0,0.0
P349,"C15,C36",153.06,152.0,8.174792182510034,0,0.0
P285,"C12,C19",153.813,154.0,4.856296388670549,0,0.0
P481,"C22,C27",154.236,154.0,9.573293683573697,0,0.0
P569,"C29,C35",156.419,156.0,3.6987998215799855,0,0.0
P302,"C12,C38",156.43,156.0,5.192886101780606,0,0.0
P255,"C11,C15",158.473,156.0,8.73473334261365,0,0.0
P470,"C21,C33",160.331,160.0,5.350333173276701,0,0.0
P596,"C32,C35",160.335,160.0,7.980254348043005,0,0.0
P532,"C26,C33",160.741,160.0,1.832833401670288,0,0.0
P393,"C17,C35",162.181,162.0,9.708887758209048,0,0.0
P615,"C35,C44",163.034,159.0,22.67542764798536,0,0.0
P301,"C12,C37",163.702,163.0,4.631700405752581,0,0.0
P319,"C13,C29",166.274,164.5,12.815348499247186,0,0.0
P304,"C12,C40",167.118,166.0,5.950418765388156,0,0.0
P371,"C16,C35",169.04,168.0,10.86537879949229,0,0.0
P322,"C13,C32",169.154,169.0,9.39715864453669,0,0.0
P303,"C12,C39",169.329,169.0,4.629491461401701,0,0.0
P330,"C13,C44",169.911,168.0,7.827410002507045,0,0.0
P519,"C25,C35",170.261,169.0,9.56704799859431,0,0.0
P308,"C13,C17",170.903,171.0,8.91667528275523,0,0.0
P146,"C7,C20",173.703,171.0,19.709217240779605,0,0.0
P226,"C10,C12",174.579,174.0,5.566573968406944,0,0.0
P466,"C21,C29",176.748,176.0,12.23512133957788,0,0.0
P528,"C26,C29",177.231,177.0,7.243487220055475,0,0.0
P076,"C5,C12",177.601,176.0,6.045357338102131,0,0.0
P542,"C27,C30",177.772,175.0,11.274623414249069,0,0.0
P307,"C13,C16",178.209,178.0,10.027855048657052,0,0.0
P300,"C12,C36",179.633,178.0,6.30539999278944,0,0.0
P315,"C13,C25",180.224,180.0,12.394977186726054,0,0.0
P469,"C21,C32",181.589,182.0,8.052013034882265,0,0.0
P477,"C21,C44",182.604,180.0,12.898509819182808,0,0.0
P531,"C26,C32",183.156,184.0,2.507978060899646,0,0.0
P447,"C20,C28",183.427,185.0,6.647771345636368,0,0.0
P414,"C18,C35",183.92,184.0,11.349731997559092,0,0.0
P381,"C17,C21",184.208,185.0,6.355243907603,0,0.0
P539,"C26,C44",184.26,183.0,14.590588928665126,0,0.0
P385,"C17,C26",185.765,186.0,4.513773271792592,0,0.0
P171,"C8,C15",186.24,188.0,10.741591212747856,0,0.0
P253,"C11,C12",187.726,189.0,6.887405923884579,0,0.0
P588,"C31,C35",187.806,189.0,10.71761313125413,0,0.0
P359,"C16,C21",192.074,193.0,5.561785455899695,0,0.0
P462,"C21,C25",193.231,194.0,7.351440857592659,0,0.0
P363,"C16,C26",193.522,194.0,3.451873611740646,0,0.0
P309,"C13,C18",194.386,197.0,10.892917867112542,0,0.0
P511,"C25,C26",194.865,196.0,4.998976371694985,0,0.0
P434,"C19,C35",194.91,196.0,10.491614459842378,0,0.0
P612,"C35,C38",195.317,197.0,11.941067795641228,0,0.0
P545,"C27,C33",196.386,197.0,12.043340319282104,0,0.0
P321,"C13,C31",197.897,199.0,11.533056940915634,0,0.0
P310,"C13,C19",204.248,203.0,10.982582260703229,0,0.0
P110,"C6,C15",204.532,203.0,9.404223275497836,0,0.0
P402,"C18,C21",205.319,204.0,5.906617232149642,0,0.0
P611,"C35,C37",205.56,205.0,10.312455902778291,0,0.0
P406,"C18,C26",206.459,206.0,4.220916385707622,0,0.0
P327,"C13,C38",207.433,206.0,10.069106112158009,0,0.0
P614,"C35,C40",209.136,208.0,13.625606818089269,0,0.0
P468,"C21,C31",209.31,208.0,7.131953783134385,0,0.0
P530,"C26,C31",210.312,210.0,5.3347085314115485,0,0.0
P148,"C7,C22",210.471,209.0,15.1980966288921,0,0.0
P613,"C35,C39",211.616,210.0,10.898500874951624,0,0.0
P541,"C27,C29",214.839,214.0,8.32588730402948,0,0.0
P422,"C19,C21",215.874,215.0,7.352971521105608,0,0.0
P326,"C13,C37",216.24,216.0,12.320559897837274,0,0.0
P246,"C10,C35",217.7,216.0,12.133475232645468,0,0.0
P426,"C19,C26",217.798,217.0,5.295397741174615,0,0.0
P169,"C8,C12",219.073,218.0,9.1503770632909,0,0.0
P552,"C27,C44",219.536,217.0,25.256892418003748,0,0.0
P474,"C21,C38",219.674,219.0,5.850294860086123,0,0.0
P329,"C13,C40",220.22,220.0,8.198586269401376,0,0.0
P544,"C27,C32",220.259,219.0,10.807160298325998,0,0.0
P096,"C5,C35",221.301,221.0,12.500106065616071,0,0.0
P536,"C26,C38",221.639,222.0,4.204801940562642,0,0.0
P328,"C13,C39",222.693,224.0,11.82982230194923,0,0.0
P386,"C17,C27",222.719,222.0,9.890392249999945,0,0.0
P482,"C22,C28",223.061,223.0,10.201536666127826,0,0.0
P610,"C35,C36",223.485,223.5,12.551705872921032,0,0.0
P227,"C10,C13",228.803,230.5,11.235854904520403,0,0.0
P473,"C21,C37",229.245,230.0,7.026260978880822,0,0.0
P364,"C16,C27",230.734,230.0,10.304922873822756,0,0.0
P535,"C26,C37",231.264,231.0,6.009527304074616,0,0.0
P273,"C11,C35",231.867,231.0,12.77186092280336,0,0.0
P077,"C5,C13",232.191,234.0,11.058245964157424,0,0.0
P512,"C25,C27",232.347,232.0,8.124321239069486,0,0.0
P476,"C21,C40",233.447,234.0,3.629926633882191,0,0.0
P325,"C13,C36",234.348,236.0,10.958055255152486,0,0.0
P045,"C4,C15",234.801,235.0,9.373967690912426,0,0.0
P538,"C26,C40",235.572,235.0,4.045884969346659,0,0.0
P475,"C21,C39",236.612,239.0,6.991447370633379,0,0.0
P155,"C7,C30",237.474,239.0,14.594462042923078,0,0.0
P537,"C26,C39",238.112,238.0,5.840682286306076,0,0.0
P108,"C6,C12",238.935,241.0,14.518317965816726,0,0.0
P234,"C10,C21",242.844,244.0,6.288816519283516,0,0.0
P254,"C11,C13",242.887,244.0,10.44122838799393,0,0.0
P238,"C10,C26",244.098,244.0,4.954083057331487,0,0.0
P407,"C18,C27",244.783,247.0,7.899640201636742,0,0.0
P084,"C5,C21",246.021,247.0,6.066082455453137,0,0.0
P088,"C5,C26",247.215,247.0,4.56372683260103,0,0.0
P472,"C21,C36",247.946,249.0,5.956556435102807,0,0.0
P543,"C27,C31",248.293,251.0,6.555465286699726,0,0.0
P158,"C7,C33",248.938,252.0,14.418878599255224,0,0.0
P534,"C26,C36",249.151,249.0,4.458259197834406,0,0.0
P554,"C28,C30",250.5,251.0,9.16919157145678,0,0.0
P427,"C19,C27",253.458,255.0,5.209546561398155,0,0.0
P261,"C11,C21",254.13,254.0,4.888045927872714,0,0.0
P265,"C11,C26",255.138,255.0,4.153577759980928,0,0.0
P549,"C27,C38",255.714,257.0,5.689866305861555,0,0.0
P189,"C8,C35",257.636,258.0,10.623670098716676,0,0.0
P548,"C27,C37",261.823,261.0,2.5444341502866914,0,0.0
P043,"C4,C12",262.16,261.0,8.496740233442157,0,0.0
P557,"C28,C33",262.749,262.0,7.018779257268484,0,0.0
P551,"C27,C40",264.356,263.0,6.152814081468835,0,0.0
P170,"C8,C13",265.309,265.0,6.144694970157293,0,0.0
P011,"C3,C15",265.548,265.0,5.360824044345648,0,0.0
P550,"C27,C39",266.076,265.5,3.011194329712259,0,0.0
P154,"C7,C29",266.707,266.0,14.844376258587175,0,0.0
P239,"C10,C27",270.091,269.0,4.248148510323735,0,0.0
P157,"C7,C32",270.601,270.0,11.8828026997001,0,0.0
P165,"C7,C44",270.953,269.0,15.036984468366722,0,0.0
P128,"C6,C35",272.211,271.0,15.014456797130984,0,0.0
P143,"C7,C17",272.304,273.0,9.443768779929371,0,0.0
P089,"C5,C27",272.458,272.0,4.615358874187085,0,0.0
P177,"C8,C21",274.178,275.0,3.080227881797694,0,0.0
P547,"C27,C36",274.196,274.0,4.839732121409929,0,0.0
P553,"C28,C29",275.009,276.0,10.18659342889888,0,0.0
P181,"C8,C26",275.249,275.0,3.6431128545889417,0,0.0
P442,"C20,C22",275.568,276.0,11.449299649431056,0,0.0
P142,"C7,C16",277.859,278.0,9.611112968459608,0,0.0
P556,"C28,C32",278.806,280.0,8.026754810805715,0,0.0
P150,"C7,C25",278.851,279.0,9.989624196714905,0,0.0
P564,"C28,C44",279.477,280.0,8.756263080969134,0,0.0
P266,"C11,C27",279.595,279.0,5.558765589128108,0,0.0
P109,"C6,C13",280.276,280.0,1.7265007398796035,0,0.0
P387,"C17,C28",280.276,282.0,9.522315815939864,0,0.0
P365,"C16,C28",285.397,286.0,8.421182061166192,0,0.0
P513,"C25,C28",286.261,287.0,9.513010899624591,0,0.0
P144,"C7,C18",287.363,288.0,8.966360835178696,0,0.0
P116,"C6,C21",288.194,288.0,4.495171917799204,0,0.0
P120,"C6,C26",288.992,288.0,5.687731207281718,0,0.0
P009,"C3,C12",289.399,289.0,10.619348829828017,0,0.0
P156,"C7,C31",289.873,290.0,9.176114214201569,0,0.0
P063,"C4,C35",292.45,292.0,11.995139990153646,0,0.0
P449,"C20,C30",293.204,293.0,9.559485748081208,0,0.0
P408,"C18,C28",294.166,294.0,7.747933561568167,0,0.0
P145,"C7,C19",294.314,294.0,9.371191131506356,0,0.0
P555,"C28,C31",296.665,297.0,8.017796459131402,0,0.0
P162,"C7,C38",296.783,296.0,9.466547761804543,0,0.0
P044,"C4,C13",297.85,298.0,1.78849062024342,0,0.0
P182,"C8,C27",300.048,299.0,9.016595532405503,0,0.0
P428,"C19,C28",300.642,301.0,7.597865724238857,0,0.0
P161,"C7,C37",302.128,301.0,10.104341330028072,0,0.0
P561,"C28,C38",302.98,303.0,6.840642834879949,0,0.0
P452,"C20,C33",304.506,305.0,7.379866287841962,0,0.0
P164,"C7,C40",304.817,303.0,10.444836313011583,0,0.0
P051,"C4,C21",306.45,306.0,4.698465236178248,0,0.0
P163,"C7,C39",306.632,305.0,10.367258849669772,0,0.0
P055,"C4,C26",306.949,307.0,5.481463804992738,0,0.0
P560,"C28,C37",308.209,310.0,7.148595765702615,0,0.0
P137,"C7,C10",310.532,309.0,10.659014522487068,0,0.0
P563,"C28,C40",310.649,312.0,4.972979944613642,0,0.0
P121,"C6,C27",311.867,311.0,14.025691820050476,0,0.0
P562,"C28,C39",312.007,313.0,6.480505223201958,0,0.0
P071,"C5,C7",312.884,311.0,10.843252285182707,0,0.0
P160,"C7,C36",314.494,313.0,10.92177866692276,0,0.0
P029,"C3,C35",315.379,315.0,14.1200827099467,0,0.0
P240,"C10,C28",315.547,316.0,5.32899513878452,0,0.0
P484,"C22,C30",316.302,319.0,11.654725592163397,0,0.0
P448,"C20,C29",316.99,318.0,8.068519133087626,0,0.0
P090,"C5,C28",317.984,318.0,4.91140161927995,0,0.0
P138,"C7,C11",319.335,317.0,11.494472493242023,0,0.0
P459,"C20,C44",319.583,321.0,8.847677231476778,0,0.0
P559,"C28,C36",319.679,320.0,4.70660292685831,0,0.0
P451,"C20,C32",320.615,321.0,5.717119944557799,0,0.0
P380,"C17,C20",321.458,323.0,7.593147693275284,0,0.0
P010,"C3,C13",323.171,323.0,6.476086680912998,0,0.0
P267,"C11,C28",325.186,326.0,4.0166575081200975,0,0.0
P358,"C16,C20",326.167,327.0,5.641536841848865,0,0.0
P444,"C20,C25",326.992,328.0,6.547580225305134,0,0.0
P487,"C22,C33",328.032,329.0,7.105875700395362,0,0.0
P056,"C4,C27",329.832,330.0,13.319428785919564,0,0.0
P017,"C3,C21",330.502,330.0,8.991041921536958,0,0.0
P021,"C3,C26",330.885,331.0,7.664105525990192,0,0.0
P401,"C18,C20",332.136,334.0,4.512412421960773,0,0.0
P450,"C20,C31",333.971,335.0,4.57723826232699,0,0.0
P483,"C22,C29",337.003,338.0,5.371577500590019,0,0.0
P135,"C7,C8",337.161,334.0,14.735270856255308,0,0.0
P421,"C19,C20",337.851,338.0,4.205530345329283,0,0.0
P486,"C22,C32",339.405,340.0,4.490784134440452,0,0.0
P456,"C20,C38",340.146,341.0,3.491543337103939,0,0.0
P183,"C8,C28",340.395,340.0,2.7449061021298102,0,0.0
P494,"C22,C44",340.833,340.0,10.490336417777945,0,0.0
P382,"C17,C22",340.855,342.0,6.662609501191359,0,0.0
P578,"C30,C33",341.684,343.0,4.065054571425668,0,0.0
P103,"C6,C7",342.809,338.0,18.438451548204785,0,0.0
P455,"C20,C37",345.008,345.0,4.306562722460045,0,0.0
P360,"C16,C22",345.754,346.0,5.359683778937932,0,0.0
P479,"C22,C25",346.618,347.0,5.930366366865139,0,0.0
P458,"C20,C40",347.419,347.5,1.638329369547872,0,0.0
P457,"C20,C39",348.653,349.0,3.728873220625174,0,0.0
P233,"C10,C20",352.135,352.0,3.049274187913098,0,0.0
P122,"C6,C28",352.479,351.0,7.427969691223413,0,0.0
P022,"C3,C27",353.334,349.0,21.08034214202476,0,0.0
P565,"C29,C30",353.51,354.0,4.872539547468198,0,0.0
P403,"C18,C22",354.161,354.0,5.086152568292452,0,0.0
P083,"C5,C20",354.46,354.0,3.1381918756265024,0,0.0
P454,"C20,C36",356.099,356.0,3.2434115863884245,0,0.0
P577,"C30,C32",356.709,357.0,2.646379096486808,0,0.0
P485,"C22,C31",357.1,358.0,5.212213269539832,0,0.0
P585,"C30,C44",357.361,357.0,10.978305980532792,0,0.0
P389,"C17,C30",358.265,359.0,4.6917787445475145,0,0.0
P260,"C11,C20",361.038,361.0,3.1768929236989827,0,0.0
P423,"C19,C22",361.939,363.0,3.8515079012138846,0,0.0
P367,"C16,C30",362.942,363.0,3.3442218556519,0,0.0
P515,"C25,C30",364.296,365.0,4.321928164958668,0,0.0
P491,"C22,C38",365.136,366.0,3.234496246089337,0,0.0
P568,"C29,C33",366.292,366.0,5.319307382642123,0,0.0
P038,"C4,C7",368.633,363.0,26.9671937831978,0,0.0
P595,"C32,C33",369.131,369.0,2.101965094205249,0,0.0
P490,"C22,C37",369.696,370.0,4.216320832356256,0,0.0
P392,"C17,C33",370.084,370.0,2.4886014420025435,0,0.0
P609,"C33,C44",370.819,369.0,12.668098504500188,0,0.0
P057,"C4,C28",372.187,371.0,9.284407963420774,0,0.0
P410,"C18,C30",372.707,373.0,4.099262733096638,0,0.0
P493,"C22,C40",372.85,373.0,3.695559112929606,0,0.0
P492,"C22,C39",375.131,375.0,4.014966868973996,0,0.0
P370,"C16,C33",375.948,376.0,1.9547677910987624,0,0.0
P576,"C30,C31",376.512,377.0,4.772696788466094,0,0.0
P518,"C25,C33",377.218,378.0,3.835255556698298,0,0.0
P235,"C10,C22",380.118,380.0,3.656425227656853,0,0.0
P085,"C5,C22",382.705,383.0,3.453099897034395,0,0.0
P430,"C19,C30",382.872,383.0,4.522838939435279,0,0.0
P489,"C22,C36",384.46,385.0,3.455190058207839,0,0.0
P176,"C8,C20",385.292,386.0,5.428093606433125,0,0.0
P567,"C29,C32",385.296,384.0,9.028282998106222,0,0.0
P575,"C29,C44",386.115,384.0,10.011393659376449,0,0.0
P582,"C30,C38",386.375,387.0,3.7691619203188527,0,0.0
P388,"C17,C29",387.219,387.0,8.292514986709685,0,0.0
P413,"C18,C33",389.843,390.0,2.6813318594572566,0,0.0
P262,"C11,C22",391.534,392.0,4.10654449722728,0,0.0
P602,"C32,C44",391.735,388.0,15.145896248593978,0,0.0
P391,"C17,C32",392.106,392.0,3.721910345053552,0,0.0
P399,"C17,C44",393.978,391.0,15.362145407185531,0,0.0
P587,"C31,C33",394.269,394.0,3.4563833099911854,0,0.0
P581,"C30,C37",394.357,394.0,5.387446108832605,0,0.0
P366,"C16,C29",394.807,395.0,8.715946231977277,0,0.0
P514,"C25,C29",396.742,397.0,11.283916109346208,0,0.0
P584,"C30,C40",398.943,399.0,4.249448059314148,0,0.0
P369,"C16,C32",399.834,400.0,2.980826953939017,0,0.0
P583,"C30,C39",401.449,402.0,4.332224274800094,0,0.0
P517,"C25,C32",402.038,403.0,6.102277754559671,0,0.0
P377,"C16,C44",402.269,399.0,17.257707480064305,0,0.0
P433,"C19,C33",402.586,403.0,2.856354803374884,0,0.0
P355,"C16,C17",402.623,403.0,5.106363279864238,0,0.0
P525,"C25,C44",403.553,401.0,14.705149860930762,0,0.0
P384,"C17,C25",404.473,405.0,7.286450669795495,0,0.0
P004,"C3,C7",405.052,395.0,43.41887256130102,0,0.0
P378,"C17,C18",405.857,406.0,4.802459225710785,0,0.0
P606,"C33,C38",406.783,407.0,1.596389507438408,0,0.0
P115,"C6,C20",407.235,407.0,14.483146637956018,0,0.0
P242,"C10,C30",409.411,410.0,3.38519401785754,0,0.0
P023,"C3,C28",411.899,410.0,21.121574750001948,0,0.0
P409,"C18,C29",412.233,412.0,9.94553289797107,0,0.0
P092,"C5,C30",412.415,413.0,3.300859080704707,0,0.0
P362,"C16,C25",412.676,414.0,6.043968361395813,0,0.0
P580,"C30,C36",414.313,415.0,3.278991122705686,0,0.0
P605,"C33,C37",416.142,416.0,3.753655008911443,0,0.0
P566,"C29,C31",416.727,416.0,11.339181983196507,0,0.0
P412,"C18,C32",418.522,418.0,3.770641024246904,0,0.0
P586,"C31,C32",419.53,419.0,5.394831248908918,0,0.0
P420,"C18,C44",419.915,416.0,18.922680646326054,0,0.0
P608,"C33,C40",421.094,421.0,2.5853138780132383,0,0.0
P269,"C11,C30",422.733,423.0,3.4623256199697057,0,0.0
P607,"C33,C39",424.001,424.0,3.1059049640395737,0,0.0
P594,"C31,C44",424.486,422.0,18.078845335049724,0,0.0
P390,"C17,C31",424.496,425.0,6.621618369389002,0,0.0
P429,"C19,C29",425.514,425.0,11.981709617803515,0,0.0
P356,"C16,C18",428.997,429.0,5.179364518627448,0,0.0
P572,"C29,C38",429.944,429.0,10.576328414091668,0,0.0
P405,"C18,C25",430.695,430.0,7.673125298849996,0,0.0
P178,"C8,C22",430.935,429.0,7.990783918216515,0,0.0
P245,"C10,C33",431.258,431.0,2.0008596750995378,0,0.0
P432,"C19,C32",431.722,432.0,5.369501610722129,0,0.0
P440,"C19,C44",433.866,429.0,19.708131683507048,0,0.0
P368,"C16,C31",434.48,434.0,6.617203894953472,0,0.0
P379,"C17,C19",435.7,435.0,6.575198341740967,0,0.0
P095,"C5,C33",435.787,436.0,1.6704554532885274,0,0.0
P516,"C25,C31",436.832,438.0,9.418411887493694,0,0.0
P599,"C32,C38",437.256,437.0,3.514942221263221,0,0.0
P604,"C33,C36",438.595,439.0,1.628381597361826,0,0.0
P627,"C38,C44",438.751,435.0,22.23261766612939,0,0.0
P396,"C17,C38",440.257,441.0,4.966449095341318,0,0.0
P571,"C29,C37",442.679,443.0,13.802480482415737,0,0.0
P357,"C16,C19",444.886,445.0,5.415009356070078,0,0.0
P050,"C4,C20",445.295,444.0,16.807333561914618,0,0.0
P425,"C19,C25",446.792,446.0,8.439191664843026,0,0.0
P400,"C18,C19",448.181,448.0,5.693035187810604,0,0.0
P574,"C29,C40",448.27,448.0,8.076777472131711,0,0.0
P272,"C11,C33",449.853,450.0,2.320080553294158,0,0.0
P374,"C16,C38",450.046,450.0,3.610667655838857,0,0.0
P598,"C32,C37",450.468,449.0,5.9030349670167,0,0.0
P624,"C37,C44",450.97,447.0,20.43567265143764,0,0.0
P573,"C29,C39",451.984,452.0,12.987471594518247,0,0.0
P522,"C25,C38",452.018,452.0,6.116951290724251,0,0.0
P395,"C17,C37",453.85,454.0,7.01617607580701,0,0.0
P601,"C32,C40",456.218,456.0,2.5041459116326985,0,0.0
P630,"C40,C44",457.091,453.0,27.36014064832809,0,0.0
P411,"C18,C31",457.948,459.0,6.709270475268558,0,0.0
P398,"C17,C40",459.116,459.0,2.9875524212086213,0,0.0
P117,"C6,C22",459.641,457.0,21.62599830765745,0,0.0
P600,"C32,C39",459.961,460.0,4.611588202099771,0,0.0
P241,"C10,C29",460.901,461.0,12.249377381983397,0,0.0
P629,"C39,C44",461.277,459.0,21.742746331087485,0,0.0
P397,"C17,C39",462.281,463.0,5.6738198095490455,0,0.0
P373,"C16,C37",464.068,465.0,5.992101574679886,0,0.0
P091,"C5,C29",465.737,465.0,12.379381247868585,0,0.0
P521,"C25,C37",465.935,467.0,9.084894622961256,0,0.0
P570,"C29,C36",468.519,467.0,12.484370168274353,0,0.0
P244,"C10,C32",468.556,469.0,4.300855887071949,0,0.0
P252,"C10,C44",469.925,466.0,23.125703733576916,0,0.0
P376,"C16,C40",469.982,470.0,3.5096999863227536,0,0.0
P230,"C10,C17",471.387,472.0,5.264498641461123,0,0.0
P524,"C25,C40",471.695,472.0,2.984439961178964,0,0.0
P185,"C8,C30",471.894,471.0,8.627931687560196,0,0.0
P094,"C5,C32",473.887,475.0,4.68253746991494,0,0.0
P375,"C16,C39",474.495,475.0,5.585084436977497,0,0.0
P102,"C5,C44",474.522,472.0,23.438363272056204,0,0.0
P417,"C18,C38",474.799,475.0,4.253079788540023,0,0.0
P431,"C19,C31",475.073,477.0,9.20393303883636,0,0.0
P597,"C32,C36",477.051,478.0,4.578576455882573,0,0.0
P620,"C36,C44",477.147,476.0,23.649962192606385,0,0.0
P523,"C25,C39",477.342,479.0,8.997109757248928,0,0.0
P080,"C5,C17",478.153,479.0,4.470075231198295,0,0.0
P394,"C17,C36",480.709,482.0,4.042358180525279,0,0.0
P591,"C31,C38",481.918,484.0,5.893556651972552,0,0.0
P268,"C11,C29",482.018,483.0,12.17497046837921,0,0.0
P229,"C10,C16",485.052,486.0,3.870953407144064,0,0.0
P237,"C10,C25",486.527,487.0,6.772380389208516,0,0.0
P279,"C11,C44",488.618,488.0,24.23719285555813,0,0.0
P079,"C5,C16",488.66,489.0,2.9128825731369283,0,0.0
P416,"C18,C37",490.221,490.0,7.397626908940715,0,0.0
P271,"C11,C32",490.263,490.0,3.973867464149072,0,0.0
P372,"C16,C36",491.316,491.0,2.70211869566188,0,0.0
P087,"C5,C25",491.36,492.0,6.376602626874359,0,0.0
P437,"C19,C38",493.688,494.0,4.6551397751653205,0,0.0
P257,"C11,C17",493.846,494.0,2.4450485194086182,0,0.0
P520,"C25,C36",494.353,495.0,6.3758169705569685,0,0.0
P590,"C31,C37",496.244,498.0,8.34098531565881,0,0.0
P419,"C18,C40",496.649,497.0,1.7264934925390758,0,0.0
P418,"C18,C39",499.734,500.0,5.464714732454671,0,0.0
P593,"C31,C40",500.963,501.0,2.3179741163360825,0,0.0
P124,"C6,C30",500.977,501.0,20.02017178443478,0,0.0
P188,"C8,C33",501.62,501.0,7.4959849112568175,0,0.0
P256,"C11,C16",503.155,503.0,1.8596863803968189,0,0.0
P592,"C31,C39",503.438,505.0,6.57064147015566,0,0.0
P264,"C11,C25",504.03,505.0,3.95154586392651,0,0.0
P016,"C3,C20",504.361,505.0,21.90380002317989,0,0.0
P436,"C19,C37",505.297,507.0,6.8987233154681205,0,0.0
P052,"C4,C22",505.329,505.0,16.34392495341564,0,0.0
P231,"C10,C18",506.779,508.0,4.052725451296157,0,0.0
P621,"C37,C38",509.173,510.0,4.933498800081988,0,0.0
P439,"C19,C40",510.235,510.0,1.0830272147771611,0,0.0
P081,"C5,C18",510.789,512.0,3.3973550036787663,0,0.0
P243,"C10,C31",511.802,513.0,5.616434842526028,0,0.0
P415,"C18,C36",513.132,514.0,3.2999190089251518,0,0.0
P438,"C19,C39",513.789,515.0,5.509885465038068,0,0.0
P626,"C38,C40",514.774,515.0,2.187626501418772,0,0.0
P093,"C5,C31",515.762,517.0,4.723310879633642,0,0.0
P589,"C31,C36",517.623,518.0,4.6428899865738025,0,0.0
P625,"C38,C39",518.153,519.0,3.441429126748721,0,0.0
P232,"C10,C19",520.653,520.0,4.545685234841304,0,0.0
P258,"C11,C18",522.076,522.0,1.9560291536810128,0,0.0
P082,"C5,C19",523.723,523.0,4.993716873052394,0,0.0
P249,"C10,C38",524.397,524.0,2.745711188368125,0,0.0
P127,"C6,C33",525.214,524.0,16.11526934016015,0,0.0
P623,"C37,C40",526.033,526.0,1.6597185501360336,0,0.0
P435,"C19,C36",526.178,526.0,4.928753250935645,0,0.0
P184,"C8,C29",526.447,527.0,7.176119263758624,0,0.0
P270,"C11,C31",528.179,528.0,4.0166020579704025,0,0.0
P099,"C5,C38",529.293,529.0,2.621072494423035,0,0.0
P195,"C8,C44",529.671,531.0,22.504782252317487,0,0.0
P622,"C37,C39",530.165,530.0,7.406255979077939,0,0.0
P617,"C36,C38",531.198,531.0,3.0305082049022647,0,0.0
P187,"C8,C32",532.5,533.0,4.685718296692184,0,0.0
P628,"C39,C40",534.158,534.0,2.378380266629515,0,0.0
P173,"C8,C17",535.152,535.0,2.6114585418336,0,0.0
P259,"C11,C19",536.127,536.0,4.1041094910729,0,0.0
P248,"C10,C37",536.763,537.0,6.940533264958969,0,0.0
P059,"C4,C30",538.339,538.0,11.785371185243765,0,0.0
P276,"C11,C38",539.891,539.0,2.6627446759329256,0,0.0
P098,"C5,C37",540.252,540.0,6.866268392776507,0,0.0
P251,"C10,C40",541.024,541.0,1.3391106067898992,0,0.0
P616,"C36,C37",542.339,542.0,6.767856594438365,0,0.0
P172,"C8,C16",544.102,544.0,2.743195421606181,0,0.0
P101,"C5,C40",544.683,544.0,1.7185646523958444,0,0.0
P250,"C10,C39",545.096,545.0,6.570384612330857,0,0.0
P180,"C8,C25",546.42,546.0,1.138813811339188,0,0.0
P619,"C36,C40",547.501,547.0,1.6488534555010668,0,0.0
P100,"C5,C39",548.109,548.0,6.090666237384465,0,0.0
P134,"C6,C44",548.113,553.0,25.853793718710783,0,0.0
P123,"C6,C29",549.024,551.0,7.9718865380143855,0,0.0
P618,"C36,C39",549.941,550.0,5.798201284720832,0,0.0
P018,"C3,C22",550.428,553.0,13.78756370476355,0,0.0
P275,"C11,C37",552.027,551.0,5.40920793929484,0,0.0
P126,"C6,C32",553.205,555.0,9.016888558659186,0,0.0
P074,"C5,C10",554.301,553.0,5.033262632997893,0,0.0
P278,"C11,C40",555.124,555.0,1.468598236680411,0,0.0
P112,"C6,C17",555.627,558.0,7.690059038005359,0,0.0
P247,"C10,C36",555.887,556.0,4.976444111611823,0,0.0
P277,"C11,C39",557.897,559.0,4.949837562172315,0,0.0
P097,"C5,C36",559.051,560.0,4.92855858133894,0,0.0
P062,"C4,C33",559.067,561.0,6.471042063329935,0,0.0
P174,"C8,C18",560.392,561.0,2.0475664894035903,0,0.0
P111,"C6,C16",562.523,564.0,6.44709516263223,0,0.0
P225,"C10,C11",562.596,563.0,4.872835778941091,0,0.0
P186,"C8,C31",563.655,565.0,2.665911116688264,0,0.0
P119,"C6,C25",564.162,566.0,4.298165914693174,0,0.0
P075,"C5,C11",564.915,567.0,4.688470620229664,0,0.0
P274,"C11,C36",566.513,568.0,4.54450035575788,0,0.0
P175,"C8,C19",568.615,569.0,3.2300477098965947,0,0.0
P192,"C8,C38",570.461,570.0,2.563015420954009,0,0.0
P113,"C6,C18",572.046,573.0,2.509617935499791,0,0.0
P025,"C3,C30",572.914,573.0,6.107200823773674,0,0.0
P058,"C4,C29",573.135,572.0,3.769480598701109,0,0.0
P069,"C4,C44",574.413,575.0,14.352087423556656,0,0.0
P125,"C6,C31",574.756,575.0,1.6404740641519164,0,0.0
P191,"C8,C37",575.485,575.0,4.718266316883472,0,0.0
P061,"C4,C32",575.981,576.0,2.05008337436354,0,0.0
P047,"C4,C17",577.494,578.0,1.1005340408979454,0,0.0
P194,"C8,C40",577.653,578.0,2.4327986989287687,0,0.0
P193,"C8,C39",579.719,580.0,4.849903149606246,0,0.0
P114,"C6,C19",580.266,580.0,1.7332767373527571,0,0.0
P131,"C6,C38",582.847,582.0,2.674461393204943,0,0.0
P046,"C4,C16",583.202,583.0,0.968573246654138,0,0.0
P167,"C8,C10",583.579,585.0,4.229615662048818,0,0.0
P054,"C4,C25",584.021,584.0,1.138356207368686,0,0.0
P072,"C5,C8",585.739,586.0,3.77427133684426,0,0.0
P028,"C3,C33",586.078,587.0,4.095936119215321,0,0.0
P190,"C8,C36",587.24,588.0,3.6079658281942426,0,0.0
P130,"C6,C37",588.334,588.0,0.6699946961677198,0,0.0
P133,"C6,C40",590.308,590.0,2.8836524498370943,0,0.0
P168,"C8,C11",591.42,591.0,3.458259614251004,0,0.0
P132,"C6,C39",591.8,592.0,1.011446005985012,0,0.0
P048,"C4,C18",591.978,592.0,1.3188082708472928,0,0.0
P060,"C4,C31",594.531,594.0,2.224407109093768,0,0.0
P106,"C6,C10",595.113,595.0,0.850266989806116,0,0.0
P070,"C5,C6",596.854,597.0,0.9129718054340584,0,0.0
P024,"C3,C29",598.089,599.0,3.487009928038397,0,0.0
P129,"C6,C36",598.215,598.0,0.9184871357937486,0,0.0
P049,"C4,C19",598.773,599.0,2.410660134129694,0,0.0
P035,"C3,C44",599.237,600.0,11.247726096520235,0,0.0
P066,"C4,C38",600.963,600.0,1.6505621331399063,0,0.0
P027,"C3,C32",601.019,601.0,1.9453594586665672,0,0.0
P013,"C3,C17",602.077,602.0,1.28246470349704,0,0.0
P107,"C6,C11",603.083,603.0,0.8688301708998397,0,0.0
P065,"C4,C37",605.166,605.0,2.383721067181749,0,0.0
P012,"C3,C16",605.814,605.0,1.10027933481213,0,0.0
P020,"C3,C25",606.254,606.0,0.6179529641209472,0,0.0
P068,"C4,C40",607.658,608.0,0.4746169626775391,0,0.0
P067,"C4,C39",608.07,609.0,1.718736179305627,0,0.0
P041,"C4,C10",609.986,610.0,0.7391551598618183,0,0.0
P036,"C4,C5",611.317,611.0,0.9281014881856344,0,0.0
P014,"C3,C18",611.8,612.0,1.1854979567276578,0,0.0
P064,"C4,C36",612.52,613.0,1.0269638039651698,0,0.0
P026,"C3,C31",613.819,614.0,0.3878007083404883,0,0.0
P042,"C4,C11",615.445,615.0,1.0478898191475616,0,0.0
P104,"C6,C8",616.078,616.0,1.5324047325247483,0,0.0
P015,"C3,C19",616.36,616.0,0.5538110749223855,0,0.0
P032,"C3,C38",617.749,618.0,0.5062166090274555,0,0.0
P031,"C3,C37",619.211,619.0,0.450201823276718,0,0.0
P034,"C3,C40",620.041,620.0,0.7027181602981503,0,0.0
P033,"C3,C39",620.74,621.0,0.4388537257362484,0,0.0
P007,"C3,C10",621.996,622.0,0.0631505185092564,0,0.0
P002,"C3,C5",623.0,623.0,0.0,0,0.0
P030,"C3,C36",624.0,624.0,0.0,0,0.0
P039,"C4,C8",625.001,625.0,0.0316227766016836,0,0.0
P008,"C3,C11",626.05,626.0,0.2180540014481475,0,0.0
P037,"C4,C6",626.949,627.0,0.2246095488830598,0,0.0
P005,"C3,C8",628.001,628.0,0.0316227766016836,0,0.0
P003,"C3,C6",628.999,629.0,0.0316227766016836,0,0.0
P001,"C3,C4",630.0,630.0,0.0,0,0.0
