candidate_id,pair_key,pair_key_new,old_clean_score,config_driven_score,abs_diff,old_rank,new_rank,rank_same,top10_same,pareto_same
P001,"C3,C4","C3,C4",0.0685852050748373,0.0685852050748373,0.0,630,630,True,True,True
P002,"C3,C5","C3,C5",0.1137673334376984,0.1137673334376984,0.0,623,623,True,True,True
P003,"C3,C6","C3,C6",0.0834438505924273,0.0834438505924273,0.0,629,629,True,True,True
P004,"C3,C7","C3,C7",0.2385747004933051,0.2385747004933051,0.0,396,396,True,True,True
P005,"C3,C8","C3,C8",0.0929314648528685,0.0929314648528685,0.0,628,628,True,True,True
P006,"C3,C9","C3,C9",0.4631008420901685,0.4631008420901685,0.0,103,103,True,True,True
P007,"C3,C10","C3,C10",0.1151439443619049,0.1151439443619049,0.0,622,622,True,True,True
P008,"C3,C11","C3,C11",0.1090775981752757,0.1090775981752757,0.0,626,626,True,True,True
P009,"C3,C12","C3,C12",0.3217392294375542,0.3217392294375542,0.0,290,290,True,True,True
P010,"C3,C13","C3,C13",0.2942363212210109,0.2942363212210109,0.0,325,325,True,True,True
P011,"C3,C15","C3,C15",0.338286914179961,0.338286914179961,0.0,263,263,True,True,True
P012,"C3,C16","C3,C16",0.1404416574238015,0.1404416574238015,0.0,606,606,True,True,True
P013,"C3,C17","C3,C17",0.143931107123652,0.143931107123652,0.0,603,603,True,True,True
P014,"C3,C18","C3,C18",0.1326561077247756,0.1326561077247756,0.0,613,613,True,True,True
P015,"C3,C19","C3,C19",0.1273023958582947,0.1273023958582947,0.0,617,617,True,True,True
P016,"C3,C20","C3,C20",0.1997683459983278,0.1997683459983278,0.0,506,506,True,True,True
P017,"C3,C21","C3,C21",0.2882124171791485,0.2882124171791485,0.0,331,331,True,True,True
P018,"C3,C22","C3,C22",0.1802005508931415,0.1802005508931415,0.0,552,552,True,True,True
P019,"C3,C24","C3,C24",0.4307832222230391,0.4307832222230391,0.0,122,122,True,True,True
P020,"C3,C25","C3,C25",0.1397942543074793,0.1397942543074793,0.0,607,607,True,True,True
P021,"C3,C26","C3,C26",0.2876191503315605,0.2876191503315605,0.0,332,332,True,True,True
P022,"C3,C27","C3,C27",0.2691464566365598,0.2691464566365598,0.0,349,349,True,True,True
P023,"C3,C28","C3,C28",0.2326276291703286,0.2326276291703286,0.0,411,411,True,True,True
P024,"C3,C29","C3,C29",0.1473173445831899,0.1473173445831899,0.0,598,598,True,True,True
P025,"C3,C30","C3,C30",0.1666847166059802,0.1666847166059802,0.0,573,573,True,True,True
P026,"C3,C31","C3,C31",0.1308837376091557,0.1308837376091557,0.0,614,614,True,True,True
P027,"C3,C32","C3,C32",0.1448983763838462,0.1448983763838462,0.0,602,602,True,True,True
P028,"C3,C33","C3,C33",0.1572299936780349,0.1572299936780349,0.0,587,587,True,True,True
P029,"C3,C35","C3,C35",0.3001194590143304,0.3001194590143304,0.0,315,315,True,True,True
P030,"C3,C36","C3,C36",0.1131296940088627,0.1131296940088627,0.0,624,624,True,True,True
P031,"C3,C37","C3,C37",0.1211069856383003,0.1211069856383003,0.0,619,619,True,True,True
P032,"C3,C38","C3,C38",0.1257900477197318,0.1257900477197318,0.0,618,618,True,True,True
P033,"C3,C39","C3,C39",0.1180221600898688,0.1180221600898688,0.0,621,621,True,True,True
P034,"C3,C40","C3,C40",0.1193714123620288,0.1193714123620288,0.0,620,620,True,True,True
P035,"C3,C44","C3,C44",0.1454032212699274,0.1454032212699274,0.0,600,600,True,True,True
P036,"C4,C5","C4,C5",0.1333311439911405,0.1333311439911405,0.0,611,611,True,True,True
P037,"C4,C6","C4,C6",0.1030076611458693,0.1030076611458693,0.0,627,627,True,True,True
P038,"C4,C7","C4,C7",0.2581385110467472,0.2581385110467472,0.0,363,363,True,True,True
P039,"C4,C8","C4,C8",0.1124952754063105,0.1124952754063105,0.0,625,625,True,True,True
P040,"C4,C9","C4,C9",0.4826646526436105,0.4826646526436105,0.0,92,92,True,True,True
P041,"C4,C10","C4,C10",0.1347077549153469,0.1347077549153469,0.0,610,610,True,True,True
P042,"C4,C11","C4,C11",0.1286414087287177,0.1286414087287177,0.0,615,615,True,True,True
P043,"C4,C12","C4,C12",0.3413030399909962,0.3413030399909962,0.0,259,259,True,True,True
P044,"C4,C13","C4,C13",0.3138001317744529,0.3138001317744529,0.0,298,298,True,True,True
P045,"C4,C15","C4,C15",0.357850724733403,0.357850724733403,0.0,238,238,True,True,True
P046,"C4,C16","C4,C16",0.1600054679772435,0.1600054679772435,0.0,583,583,True,True,True
P047,"C4,C17","C4,C17",0.163494917677094,0.163494917677094,0.0,578,578,True,True,True
P048,"C4,C18","C4,C18",0.1522199182782176,0.1522199182782176,0.0,593,593,True,True,True
P049,"C4,C19","C4,C19",0.1468662064117368,0.1468662064117368,0.0,599,599,True,True,True
P050,"C4,C20","C4,C20",0.2193321565517698,0.2193321565517698,0.0,443,443,True,True,True
P051,"C4,C21","C4,C21",0.3077762277325905,0.3077762277325905,0.0,305,305,True,True,True
P052,"C4,C22","C4,C22",0.1997643614465835,0.1997643614465835,0.0,507,507,True,True,True
P053,"C4,C24","C4,C24",0.4503470327764811,0.4503470327764811,0.0,109,109,True,True,True
P054,"C4,C25","C4,C25",0.1593580648609214,0.1593580648609214,0.0,584,584,True,True,True
P055,"C4,C26","C4,C26",0.3071829608850024,0.3071829608850024,0.0,307,307,True,True,True
P056,"C4,C27","C4,C27",0.2887102671900018,0.2887102671900018,0.0,329,329,True,True,True
P057,"C4,C28","C4,C28",0.2521914397237706,0.2521914397237706,0.0,371,371,True,True,True
P058,"C4,C29","C4,C29",0.166881155136632,0.166881155136632,0.0,572,572,True,True,True
P059,"C4,C30","C4,C30",0.1862485271594222,0.1862485271594222,0.0,538,538,True,True,True
P060,"C4,C31","C4,C31",0.1504475481625977,0.1504475481625977,0.0,594,594,True,True,True
P061,"C4,C32","C4,C32",0.1644621869372883,0.1644621869372883,0.0,577,577,True,True,True
P062,"C4,C33","C4,C33",0.1767938042314769,0.1767938042314769,0.0,561,561,True,True,True
P063,"C4,C35","C4,C35",0.3196832695677725,0.3196832695677725,0.0,292,292,True,True,True
P064,"C4,C36","C4,C36",0.1326935045623047,0.1326935045623047,0.0,612,612,True,True,True
P065,"C4,C37","C4,C37",0.1406707961917423,0.1406707961917423,0.0,605,605,True,True,True
P066,"C4,C38","C4,C38",0.1453538582731738,0.1453538582731738,0.0,601,601,True,True,True
P067,"C4,C39","C4,C39",0.1375859706433108,0.1375859706433108,0.0,609,609,True,True,True
P068,"C4,C40","C4,C40",0.1389352229154708,0.1389352229154708,0.0,608,608,True,True,True
P069,"C4,C44","C4,C44",0.1649670318233694,0.1649670318233694,0.0,576,576,True,True,True
P070,"C5,C6","C5,C6",0.1481897895087305,0.1481897895087305,0.0,596,596,True,True,True
P071,"C5,C7","C5,C7",0.3033206394096083,0.3033206394096083,0.0,311,311,True,True,True
P072,"C5,C8","C5,C8",0.1576774037691717,0.1576774037691717,0.0,586,586,True,True,True
P073,"C5,C9","C5,C9",0.5278467810064718,0.5278467810064718,0.0,59,59,True,True,True
P074,"C5,C10","C5,C10",0.1798898832782081,0.1798898832782081,0.0,553,553,True,True,True
P075,"C5,C11","C5,C11",0.1738235370915789,0.1738235370915789,0.0,567,567,True,True,True
P076,"C5,C12","C5,C12",0.3864851683538574,0.3864851683538574,0.0,176,176,True,True,True
P077,"C5,C13","C5,C13",0.3589822601373141,0.3589822601373141,0.0,234,234,True,True,True
P078,"C5,C15","C5,C15",0.4030328530962643,0.4030328530962643,0.0,150,150,True,True,True
P079,"C5,C16","C5,C16",0.2051875963401047,0.2051875963401047,0.0,489,489,True,True,True
P080,"C5,C17","C5,C17",0.2086770460399552,0.2086770460399552,0.0,482,482,True,True,True
P081,"C5,C18","C5,C18",0.1974020466410788,0.1974020466410788,0.0,512,512,True,True,True
P082,"C5,C19","C5,C19",0.1920483347745979,0.1920483347745979,0.0,522,522,True,True,True
P083,"C5,C20","C5,C20",0.264514284914631,0.264514284914631,0.0,354,354,True,True,True
P084,"C5,C21","C5,C21",0.3529583560954517,0.3529583560954517,0.0,246,246,True,True,True
P085,"C5,C22","C5,C22",0.2449464898094447,0.2449464898094447,0.0,381,381,True,True,True
P086,"C5,C24","C5,C24",0.4955291611393422,0.4955291611393422,0.0,85,85,True,True,True
P087,"C5,C25","C5,C25",0.2045401932237825,0.2045401932237825,0.0,493,493,True,True,True
P088,"C5,C26","C5,C26",0.3523650892478637,0.3523650892478637,0.0,248,248,True,True,True
P089,"C5,C27","C5,C27",0.3338923955528629,0.3338923955528629,0.0,271,271,True,True,True
P090,"C5,C28","C5,C28",0.2973735680866318,0.2973735680866318,0.0,320,320,True,True,True
P091,"C5,C29","C5,C29",0.2120632834994932,0.2120632834994932,0.0,465,465,True,True,True
P092,"C5,C30","C5,C30",0.2314306555222834,0.2314306555222834,0.0,412,412,True,True,True
P093,"C5,C31","C5,C31",0.1956296765254589,0.1956296765254589,0.0,517,517,True,True,True
P094,"C5,C32","C5,C32",0.2096443153001495,0.2096443153001495,0.0,475,475,True,True,True
P095,"C5,C33","C5,C33",0.2219759325943381,0.2219759325943381,0.0,437,437,True,True,True
P096,"C5,C35","C5,C35",0.3648653979306337,0.3648653979306337,0.0,221,221,True,True,True
P097,"C5,C36","C5,C36",0.1778756329251659,0.1778756329251659,0.0,560,560,True,True,True
P098,"C5,C37","C5,C37",0.1858529245546035,0.1858529245546035,0.0,539,539,True,True,True
P099,"C5,C38","C5,C38",0.190535986636035,0.190535986636035,0.0,529,529,True,True,True
P100,"C5,C39","C5,C39",0.182768099006172,0.182768099006172,0.0,548,548,True,True,True
P101,"C5,C40","C5,C40",0.184117351278332,0.184117351278332,0.0,545,545,True,True,True
P102,"C5,C44","C5,C44",0.2101491601862306,0.2101491601862306,0.0,472,472,True,True,True
P103,"C6,C7","C6,C7",0.2784235131534844,0.2784235131534844,0.0,337,337,True,True,True
P104,"C6,C8","C6,C8",0.1273539209239005,0.1273539209239005,0.0,616,616,True,True,True
P105,"C6,C9","C6,C9",0.4975232981612005,0.4975232981612005,0.0,83,83,True,True,True
P106,"C6,C10","C6,C10",0.1495664004329369,0.1495664004329369,0.0,595,595,True,True,True
P107,"C6,C11","C6,C11",0.1435000542463077,0.1435000542463077,0.0,604,604,True,True,True
P108,"C6,C12","C6,C12",0.3561616855085862,0.3561616855085862,0.0,242,242,True,True,True
P109,"C6,C13","C6,C13",0.3286587772920429,0.3286587772920429,0.0,282,282,True,True,True
P110,"C6,C15","C6,C15",0.372709370250993,0.372709370250993,0.0,201,201,True,True,True
P111,"C6,C16","C6,C16",0.1748641134948335,0.1748641134948335,0.0,564,564,True,True,True
P112,"C6,C17","C6,C17",0.178353563194684,0.178353563194684,0.0,558,558,True,True,True
P113,"C6,C18","C6,C18",0.1670785637958076,0.1670785637958076,0.0,571,571,True,True,True
P114,"C6,C19","C6,C19",0.1617248519293267,0.1617248519293267,0.0,581,581,True,True,True
P115,"C6,C20","C6,C20",0.2341908020693598,0.2341908020693598,0.0,408,408,True,True,True
P116,"C6,C21","C6,C21",0.3226348732501805,0.3226348732501805,0.0,287,287,True,True,True
P117,"C6,C22","C6,C22",0.2146230069641735,0.2146230069641735,0.0,457,457,True,True,True
P118,"C6,C24","C6,C24",0.465205678294071,0.465205678294071,0.0,102,102,True,True,True
P119,"C6,C25","C6,C25",0.1742167103785114,0.1742167103785114,0.0,566,566,True,True,True
P120,"C6,C26","C6,C26",0.3220416064025925,0.3220416064025925,0.0,289,289,True,True,True
P121,"C6,C27","C6,C27",0.3035689127075917,0.3035689127075917,0.0,310,310,True,True,True
P122,"C6,C28","C6,C28",0.2670500852413606,0.2670500852413606,0.0,351,351,True,True,True
P123,"C6,C29","C6,C29",0.181739800654222,0.181739800654222,0.0,550,550,True,True,True
P124,"C6,C30","C6,C30",0.2011071726770122,0.2011071726770122,0.0,502,502,True,True,True
P125,"C6,C31","C6,C31",0.1653061936801877,0.1653061936801877,0.0,574,574,True,True,True
P126,"C6,C32","C6,C32",0.1793208324548783,0.1793208324548783,0.0,556,556,True,True,True
P127,"C6,C33","C6,C33",0.1916524497490669,0.1916524497490669,0.0,524,524,True,True,True
P128,"C6,C35","C6,C35",0.3345419150853624,0.3345419150853624,0.0,269,269,True,True,True
P129,"C6,C36","C6,C36",0.1475521500798947,0.1475521500798947,0.0,597,597,True,True,True
P130,"C6,C37","C6,C37",0.1555294417093323,0.1555294417093323,0.0,589,589,True,True,True
P131,"C6,C38","C6,C38",0.1602125037907638,0.1602125037907638,0.0,582,582,True,True,True
P132,"C6,C39","C6,C39",0.1524446161609008,0.1524446161609008,0.0,592,592,True,True,True
P133,"C6,C40","C6,C40",0.1537938684330608,0.1537938684330608,0.0,590,590,True,True,True
P134,"C6,C44","C6,C44",0.1798256773409595,0.1798256773409595,0.0,554,554,True,True,True
P135,"C7,C8","C7,C8",0.2824847708247784,0.2824847708247784,0.0,334,334,True,True,True
P136,"C7,C9","C7,C9",0.5401541480620784,0.5401541480620784,0.0,46,46,True,True,True
P137,"C7,C10","C7,C10",0.3046972503338148,0.3046972503338148,0.0,309,309,True,True,True
P138,"C7,C11","C7,C11",0.2986309041471856,0.2986309041471856,0.0,317,317,True,True,True
P139,"C7,C12","C7,C12",0.5112925354094641,0.5112925354094641,0.0,74,74,True,True,True
P140,"C7,C13","C7,C13",0.4837896271929208,0.4837896271929208,0.0,91,91,True,True,True
P141,"C7,C15","C7,C15",0.5278402201518709,0.5278402201518709,0.0,60,60,True,True,True
P142,"C7,C16","C7,C16",0.3299949633957114,0.3299949633957114,0.0,278,278,True,True,True
P143,"C7,C17","C7,C17",0.3334844130955618,0.3334844130955618,0.0,272,272,True,True,True
P144,"C7,C18","C7,C18",0.3222094136966855,0.3222094136966855,0.0,288,288,True,True,True
P145,"C7,C19","C7,C19",0.3168557018302046,0.3168557018302046,0.0,294,294,True,True,True
P146,"C7,C20","C7,C20",0.3893216519702376,0.3893216519702376,0.0,171,171,True,True,True
P147,"C7,C21","C7,C21",0.4777657231510583,0.4777657231510583,0.0,94,94,True,True,True
P148,"C7,C22","C7,C22",0.3697538568650513,0.3697538568650513,0.0,209,209,True,True,True
P149,"C7,C24","C7,C24",0.620336528194949,0.620336528194949,0.0,16,16,True,True,True
P150,"C7,C25","C7,C25",0.3293475602793892,0.3293475602793892,0.0,279,279,True,True,True
P151,"C7,C26","C7,C26",0.4771724563034703,0.4771724563034703,0.0,95,95,True,True,True
P152,"C7,C27","C7,C27",0.4586997626084697,0.4586997626084697,0.0,105,105,True,True,True
P153,"C7,C28","C7,C28",0.4221809351422385,0.4221809351422385,0.0,127,127,True,True,True
P154,"C7,C29","C7,C29",0.3368706505550998,0.3368706505550998,0.0,266,266,True,True,True
P155,"C7,C30","C7,C30",0.35623802257789,0.35623802257789,0.0,241,241,True,True,True
P156,"C7,C31","C7,C31",0.3204370435810655,0.3204370435810655,0.0,291,291,True,True,True
P157,"C7,C32","C7,C32",0.3344516823557561,0.3344516823557561,0.0,270,270,True,True,True
P158,"C7,C33","C7,C33",0.3494964779445185,0.3494964779445185,0.0,253,253,True,True,True
P159,"C7,C35","C7,C35",0.4896727649862403,0.4896727649862403,0.0,88,88,True,True,True
P160,"C7,C36","C7,C36",0.3026829999807726,0.3026829999807726,0.0,313,313,True,True,True
P161,"C7,C37","C7,C37",0.3106602916102102,0.3106602916102102,0.0,301,301,True,True,True
P162,"C7,C38","C7,C38",0.3153433536916417,0.3153433536916417,0.0,296,296,True,True,True
P163,"C7,C39","C7,C39",0.3075754660617786,0.3075754660617786,0.0,306,306,True,True,True
P164,"C7,C40","C7,C40",0.3089247183339387,0.3089247183339387,0.0,303,303,True,True,True
P165,"C7,C44","C7,C44",0.3349565272418373,0.3349565272418373,0.0,268,268,True,True,True
P166,"C8,C9","C8,C9",0.5070109124216418,0.5070109124216418,0.0,77,77,True,True,True
P167,"C8,C10","C8,C10",0.1590540146933782,0.1590540146933782,0.0,585,585,True,True,True
P168,"C8,C11","C8,C11",0.152987668506749,0.152987668506749,0.0,591,591,True,True,True
P169,"C8,C12","C8,C12",0.3656492997690274,0.3656492997690274,0.0,217,217,True,True,True
P170,"C8,C13","C8,C13",0.3381463915524842,0.3381463915524842,0.0,265,265,True,True,True
P171,"C8,C15","C8,C15",0.3821969845114343,0.3821969845114343,0.0,189,189,True,True,True
P172,"C8,C16","C8,C16",0.1843517277552748,0.1843517277552748,0.0,543,543,True,True,True
P173,"C8,C17","C8,C17",0.1878411774551253,0.1878411774551253,0.0,535,535,True,True,True
P174,"C8,C18","C8,C18",0.1765661780562489,0.1765661780562489,0.0,562,562,True,True,True
P175,"C8,C19","C8,C19",0.171212466189768,0.171212466189768,0.0,569,569,True,True,True
P176,"C8,C20","C8,C20",0.243678416329801,0.243678416329801,0.0,384,384,True,True,True
P177,"C8,C21","C8,C21",0.3321224875106218,0.3321224875106218,0.0,274,274,True,True,True
P178,"C8,C22","C8,C22",0.2241106212246147,0.2241106212246147,0.0,427,427,True,True,True
P179,"C8,C24","C8,C24",0.4746932925545123,0.4746932925545123,0.0,97,97,True,True,True
P180,"C8,C25","C8,C25",0.1837043246389526,0.1837043246389526,0.0,546,546,True,True,True
P181,"C8,C26","C8,C26",0.3315292206630337,0.3315292206630337,0.0,275,275,True,True,True
P182,"C8,C27","C8,C27",0.313056526968033,0.313056526968033,0.0,299,299,True,True,True
P183,"C8,C28","C8,C28",0.2765376995018019,0.2765376995018019,0.0,340,340,True,True,True
P184,"C8,C29","C8,C29",0.1912274149146632,0.1912274149146632,0.0,527,527,True,True,True
P185,"C8,C30","C8,C30",0.2105947869374534,0.2105947869374534,0.0,471,471,True,True,True
P186,"C8,C31","C8,C31",0.174793807940629,0.174793807940629,0.0,565,565,True,True,True
P187,"C8,C32","C8,C32",0.1888084467153195,0.1888084467153195,0.0,533,533,True,True,True
P188,"C8,C33","C8,C33",0.2011400640095082,0.2011400640095082,0.0,501,501,True,True,True
P189,"C8,C35","C8,C35",0.3440295293458037,0.3440295293458037,0.0,258,258,True,True,True
P190,"C8,C36","C8,C36",0.157039764340336,0.157039764340336,0.0,588,588,True,True,True
P191,"C8,C37","C8,C37",0.1650170559697736,0.1650170559697736,0.0,575,575,True,True,True
P192,"C8,C38","C8,C38",0.1697001180512051,0.1697001180512051,0.0,570,570,True,True,True
P193,"C8,C39","C8,C39",0.161932230421342,0.161932230421342,0.0,580,580,True,True,True
P194,"C8,C40","C8,C40",0.1632814826935021,0.1632814826935021,0.0,579,579,True,True,True
P195,"C8,C44","C8,C44",0.1893132916014007,0.1893132916014007,0.0,532,532,True,True,True
P196,"C9,C10","C9,C10",0.5292233919306782,0.5292233919306782,0.0,57,57,True,True,True
P197,"C9,C11","C9,C11",0.523157045744049,0.523157045744049,0.0,65,65,True,True,True
P198,"C9,C12","C9,C12",0.7358186770063275,0.7358186770063275,0.0,3,3,True,True,True
P199,"C9,C13","C9,C13",0.7083157687897842,0.7083157687897842,0.0,6,6,True,True,True
P200,"C9,C15","C9,C15",0.7523663617487344,0.7523663617487344,0.0,2,2,True,True,True
P201,"C9,C16","C9,C16",0.5545211049925749,0.5545211049925749,0.0,38,38,True,True,True
P202,"C9,C17","C9,C17",0.5580105546924253,0.5580105546924253,0.0,37,37,True,True,True
P203,"C9,C18","C9,C18",0.5467355552935489,0.5467355552935489,0.0,41,41,True,True,True
P204,"C9,C19","C9,C19",0.5413818434270681,0.5413818434270681,0.0,45,45,True,True,True
P205,"C9,C20","C9,C20",0.6138477935671012,0.6138477935671012,0.0,19,19,True,True,True
P206,"C9,C21","C9,C21",0.7022918647479218,0.7022918647479218,0.0,8,8,True,True,True
P207,"C9,C22","C9,C22",0.5942799984619149,0.5942799984619149,0.0,21,21,True,True,True
P208,"C9,C24","C9,C24",0.8448626697918125,0.8448626697918125,0.0,1,1,True,True,True
P209,"C9,C25","C9,C25",0.5538737018762527,0.5538737018762527,0.0,39,39,True,True,True
P210,"C9,C26","C9,C26",0.7016985979003338,0.7016985979003338,0.0,9,9,True,True,True
P211,"C9,C27","C9,C27",0.6832259042053331,0.6832259042053331,0.0,10,10,True,True,True
P212,"C9,C28","C9,C28",0.6467070767391019,0.6467070767391019,0.0,15,15,True,True,True
P213,"C9,C29","C9,C29",0.5613967921519634,0.5613967921519634,0.0,31,31,True,True,True
P214,"C9,C30","C9,C30",0.5807641641747535,0.5807641641747535,0.0,25,25,True,True,True
P215,"C9,C31","C9,C31",0.544963185177929,0.544963185177929,0.0,43,43,True,True,True
P216,"C9,C32","C9,C32",0.5589778239526195,0.5589778239526195,0.0,35,35,True,True,True
P217,"C9,C33","C9,C33",0.5713094412468083,0.5713094412468083,0.0,29,29,True,True,True
P218,"C9,C35","C9,C35",0.7141989065831038,0.7141989065831038,0.0,5,5,True,True,True
P219,"C9,C36","C9,C36",0.527209141577636,0.527209141577636,0.0,61,61,True,True,True
P220,"C9,C37","C9,C37",0.5351864332070736,0.5351864332070736,0.0,51,51,True,True,True
P221,"C9,C38","C9,C38",0.5398694952885051,0.5398694952885051,0.0,47,47,True,True,True
P222,"C9,C39","C9,C39",0.532101607658642,0.532101607658642,0.0,56,56,True,True,True
P223,"C9,C40","C9,C40",0.5334508599308021,0.5334508599308021,0.0,52,52,True,True,True
P224,"C9,C44","C9,C44",0.5594826688387007,0.5594826688387007,0.0,34,34,True,True,True
P225,"C10,C11","C10,C11",0.1752001480157854,0.1752001480157854,0.0,563,563,True,True,True
P226,"C10,C12","C10,C12",0.3878617792780638,0.3878617792780638,0.0,173,173,True,True,True
P227,"C10,C13","C10,C13",0.3603588710615206,0.3603588710615206,0.0,229,229,True,True,True
P228,"C10,C15","C10,C15",0.4044094640204707,0.4044094640204707,0.0,148,148,True,True,True
P229,"C10,C16","C10,C16",0.2065642072643112,0.2065642072643112,0.0,486,486,True,True,True
P230,"C10,C17","C10,C17",0.2100536569641617,0.2100536569641617,0.0,474,474,True,True,True
P231,"C10,C18","C10,C18",0.1987786575652853,0.1987786575652853,0.0,509,509,True,True,True
P232,"C10,C19","C10,C19",0.1934249456988044,0.1934249456988044,0.0,520,520,True,True,True
P233,"C10,C20","C10,C20",0.2658908958388374,0.2658908958388374,0.0,352,352,True,True,True
P234,"C10,C21","C10,C21",0.3543349670196582,0.3543349670196582,0.0,243,243,True,True,True
P235,"C10,C22","C10,C22",0.2463231007336512,0.2463231007336512,0.0,379,379,True,True,True
P236,"C10,C24","C10,C24",0.4969057720635487,0.4969057720635487,0.0,84,84,True,True,True
P237,"C10,C25","C10,C25",0.205916804147989,0.205916804147989,0.0,487,487,True,True,True
P238,"C10,C26","C10,C26",0.3537417001720701,0.3537417001720701,0.0,245,245,True,True,True
P239,"C10,C27","C10,C27",0.3352690064770694,0.3352690064770694,0.0,267,267,True,True,True
P240,"C10,C28","C10,C28",0.2987501790108383,0.2987501790108383,0.0,316,316,True,True,True
P241,"C10,C29","C10,C29",0.2134398944236997,0.2134398944236997,0.0,462,462,True,True,True
P242,"C10,C30","C10,C30",0.2328072664464899,0.2328072664464899,0.0,410,410,True,True,True
P243,"C10,C31","C10,C31",0.1970062874496654,0.1970062874496654,0.0,513,513,True,True,True
P244,"C10,C32","C10,C32",0.2110209262243559,0.2110209262243559,0.0,469,469,True,True,True
P245,"C10,C33","C10,C33",0.2233525435185446,0.2233525435185446,0.0,432,432,True,True,True
P246,"C10,C35","C10,C35",0.3662420088548401,0.3662420088548401,0.0,215,215,True,True,True
P247,"C10,C36","C10,C36",0.1792522438493723,0.1792522438493723,0.0,557,557,True,True,True
P248,"C10,C37","C10,C37",0.18722953547881,0.18722953547881,0.0,537,537,True,True,True
P249,"C10,C38","C10,C38",0.1919125975602415,0.1919125975602415,0.0,523,523,True,True,True
P250,"C10,C39","C10,C39",0.1841447099303785,0.1841447099303785,0.0,544,544,True,True,True
P251,"C10,C40","C10,C40",0.1854939622025385,0.1854939622025385,0.0,541,541,True,True,True
P252,"C10,C44","C10,C44",0.2115257711104371,0.2115257711104371,0.0,467,467,True,True,True
P253,"C11,C12","C11,C12",0.3817954330914346,0.3817954330914346,0.0,191,191,True,True,True
P254,"C11,C13","C11,C13",0.3542925248748914,0.3542925248748914,0.0,244,244,True,True,True
P255,"C11,C15","C11,C15",0.3983431178338415,0.3983431178338415,0.0,157,157,True,True,True
P256,"C11,C16","C11,C16",0.200497861077682,0.200497861077682,0.0,503,503,True,True,True
P257,"C11,C17","C11,C17",0.2039873107775325,0.2039873107775325,0.0,495,495,True,True,True
P258,"C11,C18","C11,C18",0.1927123113786561,0.1927123113786561,0.0,521,521,True,True,True
P259,"C11,C19","C11,C19",0.1873585995121752,0.1873585995121752,0.0,536,536,True,True,True
P260,"C11,C20","C11,C20",0.2598245496522082,0.2598245496522082,0.0,361,361,True,True,True
P261,"C11,C21","C11,C21",0.348268620833029,0.348268620833029,0.0,254,254,True,True,True
P262,"C11,C22","C11,C22",0.240256754547022,0.240256754547022,0.0,391,391,True,True,True
P263,"C11,C24","C11,C24",0.4908394258769195,0.4908394258769195,0.0,87,87,True,True,True
P264,"C11,C25","C11,C25",0.1998504579613598,0.1998504579613598,0.0,505,505,True,True,True
P265,"C11,C26","C11,C26",0.3476753539854409,0.3476753539854409,0.0,255,255,True,True,True
P266,"C11,C27","C11,C27",0.3292026602904402,0.3292026602904402,0.0,280,280,True,True,True
P267,"C11,C28","C11,C28",0.2926838328242091,0.2926838328242091,0.0,326,326,True,True,True
P268,"C11,C29","C11,C29",0.2073735482370705,0.2073735482370705,0.0,485,485,True,True,True
P269,"C11,C30","C11,C30",0.2267409202598607,0.2267409202598607,0.0,423,423,True,True,True
P270,"C11,C31","C11,C31",0.1909399412630361,0.1909399412630361,0.0,528,528,True,True,True
P271,"C11,C32","C11,C32",0.2049545800377267,0.2049545800377267,0.0,490,490,True,True,True
P272,"C11,C33","C11,C33",0.2172861973319154,0.2172861973319154,0.0,449,449,True,True,True
P273,"C11,C35","C11,C35",0.3601756626682109,0.3601756626682109,0.0,231,231,True,True,True
P274,"C11,C36","C11,C36",0.1731858976627431,0.1731858976627431,0.0,568,568,True,True,True
P275,"C11,C37","C11,C37",0.1811631892921807,0.1811631892921807,0.0,551,551,True,True,True
P276,"C11,C38","C11,C38",0.1858462513736123,0.1858462513736123,0.0,540,540,True,True,True
P277,"C11,C39","C11,C39",0.1780783637437492,0.1780783637437492,0.0,559,559,True,True,True
P278,"C11,C40","C11,C40",0.1794276160159093,0.1794276160159093,0.0,555,555,True,True,True
P279,"C11,C44","C11,C44",0.2054594249238079,0.2054594249238079,0.0,488,488,True,True,True
P280,"C12,C13","C12,C13",0.5839643746008767,0.5839643746008767,0.0,23,23,True,True,True
P281,"C12,C15","C12,C15",0.61100474909612,0.61100474909612,0.0,20,20,True,True,True
P282,"C12,C16","C12,C16",0.4131594923399604,0.4131594923399604,0.0,139,139,True,True,True
P283,"C12,C17","C12,C17",0.416648942039811,0.416648942039811,0.0,135,135,True,True,True
P284,"C12,C18","C12,C18",0.4053739426409345,0.4053739426409345,0.0,146,146,True,True,True
P285,"C12,C19","C12,C19",0.4000202307744537,0.4000202307744537,0.0,154,154,True,True,True
P286,"C12,C20","C12,C20",0.4724861809144868,0.4724861809144868,0.0,98,98,True,True,True
P287,"C12,C21","C12,C21",0.5609302520953076,0.5609302520953076,0.0,32,32,True,True,True
P288,"C12,C22","C12,C22",0.4529183858093004,0.4529183858093004,0.0,107,107,True,True,True
P289,"C12,C24","C12,C24",0.7035010571391981,0.7035010571391981,0.0,7,7,True,True,True
P290,"C12,C25","C12,C25",0.4125120892236383,0.4125120892236383,0.0,140,140,True,True,True
P291,"C12,C26","C12,C26",0.5603369852477196,0.5603369852477196,0.0,33,33,True,True,True
P292,"C12,C27","C12,C27",0.5418642915527186,0.5418642915527186,0.0,44,44,True,True,True
P293,"C12,C28","C12,C28",0.5053454640864876,0.5053454640864876,0.0,78,78,True,True,True
P294,"C12,C29","C12,C29",0.4200351794993489,0.4200351794993489,0.0,130,130,True,True,True
P295,"C12,C30","C12,C30",0.4394025515221391,0.4394025515221391,0.0,113,113,True,True,True
P296,"C12,C31","C12,C31",0.4036015725253146,0.4036015725253146,0.0,149,149,True,True,True
P297,"C12,C32","C12,C32",0.4292000731745647,0.4292000731745647,0.0,124,124,True,True,True
P298,"C12,C33","C12,C33",0.4299478285941938,0.4299478285941938,0.0,123,123,True,True,True
P299,"C12,C35","C12,C35",0.5728372939304894,0.5728372939304894,0.0,28,28,True,True,True
P300,"C12,C36","C12,C36",0.3858475289250216,0.3858475289250216,0.0,178,178,True,True,True
P301,"C12,C37","C12,C37",0.3938248205544593,0.3938248205544593,0.0,163,163,True,True,True
P302,"C12,C38","C12,C38",0.3985078826358907,0.3985078826358907,0.0,155,155,True,True,True
P303,"C12,C39","C12,C39",0.3907399950060277,0.3907399950060277,0.0,168,168,True,True,True
P304,"C12,C40","C12,C40",0.3920892472781877,0.3920892472781877,0.0,165,165,True,True,True
P305,"C12,C44","C12,C44",0.4181210561860863,0.4181210561860863,0.0,134,134,True,True,True
P306,"C13,C15","C13,C15",0.532365477243213,0.532365477243213,0.0,55,55,True,True,True
P307,"C13,C16","C13,C16",0.3856565841234171,0.3856565841234171,0.0,179,179,True,True,True
P308,"C13,C17","C13,C17",0.3891460338232677,0.3891460338232677,0.0,172,172,True,True,True
P309,"C13,C18","C13,C18",0.3778710344243913,0.3778710344243913,0.0,198,198,True,True,True
P310,"C13,C19","C13,C19",0.3725173225579104,0.3725173225579104,0.0,202,202,True,True,True
P311,"C13,C20","C13,C20",0.4449832726979434,0.4449832726979434,0.0,111,111,True,True,True
P312,"C13,C21","C13,C21",0.5334273438787642,0.5334273438787642,0.0,53,53,True,True,True
P313,"C13,C22","C13,C22",0.4254154775927571,0.4254154775927571,0.0,126,126,True,True,True
P314,"C13,C24","C13,C24",0.6759981489226549,0.6759981489226549,0.0,12,12,True,True,True
P315,"C13,C25","C13,C25",0.3850091810070951,0.3850091810070951,0.0,180,180,True,True,True
P316,"C13,C26","C13,C26",0.5328340770311762,0.5328340770311762,0.0,54,54,True,True,True
P317,"C13,C27","C13,C27",0.5143613833361754,0.5143613833361754,0.0,72,72,True,True,True
P318,"C13,C28","C13,C28",0.4778425558699442,0.4778425558699442,0.0,93,93,True,True,True
P319,"C13,C29","C13,C29",0.3925322712828056,0.3925322712828056,0.0,164,164,True,True,True
P320,"C13,C30","C13,C30",0.4118996433055958,0.4118996433055958,0.0,141,141,True,True,True
P321,"C13,C31","C13,C31",0.3760986643087713,0.3760986643087713,0.0,200,200,True,True,True
P322,"C13,C32","C13,C32",0.390113303083462,0.390113303083462,0.0,170,170,True,True,True
P323,"C13,C33","C13,C33",0.4024449203776505,0.4024449203776505,0.0,151,151,True,True,True
P324,"C13,C35","C13,C35",0.5453343857139462,0.5453343857139462,0.0,42,42,True,True,True
P325,"C13,C36","C13,C36",0.3583446207084784,0.3583446207084784,0.0,236,236,True,True,True
P326,"C13,C37","C13,C37",0.366321912337916,0.366321912337916,0.0,214,214,True,True,True
P327,"C13,C38","C13,C38",0.3710049744193475,0.3710049744193475,0.0,206,206,True,True,True
P328,"C13,C39","C13,C39",0.3632370867894844,0.3632370867894844,0.0,227,227,True,True,True
P329,"C13,C40","C13,C40",0.3645863390616445,0.3645863390616445,0.0,222,222,True,True,True
P330,"C13,C44","C13,C44",0.3906181479695431,0.3906181479695431,0.0,169,169,True,True,True
P331,"C15,C16","C15,C16",0.4405598902606619,0.4405598902606619,0.0,112,112,True,True,True
P332,"C15,C17","C15,C17",0.4331966267822177,0.4331966267822177,0.0,120,120,True,True,True
P333,"C15,C18","C15,C18",0.4219216273833414,0.4219216273833414,0.0,128,128,True,True,True
P334,"C15,C19","C15,C19",0.4165679155168605,0.4165679155168605,0.0,136,136,True,True,True
P335,"C15,C20","C15,C20",0.4890338656568935,0.4890338656568935,0.0,89,89,True,True,True
P336,"C15,C21","C15,C21",0.5774779368377143,0.5774779368377143,0.0,26,26,True,True,True
P337,"C15,C22","C15,C22",0.4694660705517072,0.4694660705517072,0.0,101,101,True,True,True
P338,"C15,C24","C15,C24",0.720048741881605,0.720048741881605,0.0,4,4,True,True,True
P339,"C15,C25","C15,C25",0.4290597739660451,0.4290597739660451,0.0,125,125,True,True,True
P340,"C15,C26","C15,C26",0.5768846699901263,0.5768846699901263,0.0,27,27,True,True,True
P341,"C15,C27","C15,C27",0.5584119762951256,0.5584119762951256,0.0,36,36,True,True,True
P342,"C15,C28","C15,C28",0.5218931488288945,0.5218931488288945,0.0,67,67,True,True,True
P343,"C15,C29","C15,C29",0.4365828642417558,0.4365828642417558,0.0,117,117,True,True,True
P344,"C15,C30","C15,C30",0.4559502362645459,0.4559502362645459,0.0,106,106,True,True,True
P345,"C15,C31","C15,C31",0.4201492572677215,0.4201492572677215,0.0,129,129,True,True,True
P346,"C15,C32","C15,C32",0.434163896042412,0.434163896042412,0.0,119,119,True,True,True
P347,"C15,C33","C15,C33",0.4464955133366007,0.4464955133366007,0.0,110,110,True,True,True
P348,"C15,C35","C15,C35",0.5893849786728963,0.5893849786728963,0.0,22,22,True,True,True
P349,"C15,C36","C15,C36",0.4023952136674285,0.4023952136674285,0.0,152,152,True,True,True
P350,"C15,C37","C15,C37",0.4103725052968661,0.4103725052968661,0.0,142,142,True,True,True
P351,"C15,C38","C15,C38",0.4150555673782976,0.4150555673782976,0.0,138,138,True,True,True
P352,"C15,C39","C15,C39",0.4072876797484345,0.4072876797484345,0.0,144,144,True,True,True
P353,"C15,C40","C15,C40",0.4086369320205946,0.4086369320205946,0.0,143,143,True,True,True
P354,"C15,C44","C15,C44",0.4346687409284932,0.4346687409284932,0.0,118,118,True,True,True
P355,"C16,C17","C16,C17",0.2353513700260582,0.2353513700260582,0.0,405,405,True,True,True
P356,"C16,C18","C16,C18",0.2240763706271819,0.2240763706271819,0.0,429,429,True,True,True
P357,"C16,C19","C16,C19",0.218722658760701,0.218722658760701,0.0,444,444,True,True,True
P358,"C16,C20","C16,C20",0.291188608900734,0.291188608900734,0.0,327,327,True,True,True
P359,"C16,C21","C16,C21",0.3796326800815548,0.3796326800815548,0.0,192,192,True,True,True
P360,"C16,C22","C16,C22",0.2716208137955477,0.2716208137955477,0.0,346,346,True,True,True
P361,"C16,C24","C16,C24",0.5222034851254453,0.5222034851254453,0.0,66,66,True,True,True
P362,"C16,C25","C16,C25",0.2312145172098856,0.2312145172098856,0.0,413,413,True,True,True
P363,"C16,C26","C16,C26",0.3790394132339667,0.3790394132339667,0.0,193,193,True,True,True
P364,"C16,C27","C16,C27",0.360566719538966,0.360566719538966,0.0,228,228,True,True,True
P365,"C16,C28","C16,C28",0.3240478920727349,0.3240478920727349,0.0,285,285,True,True,True
P366,"C16,C29","C16,C29",0.2387376074855962,0.2387376074855962,0.0,395,395,True,True,True
P367,"C16,C30","C16,C30",0.2581049795083864,0.2581049795083864,0.0,364,364,True,True,True
P368,"C16,C31","C16,C31",0.2223040005115619,0.2223040005115619,0.0,434,434,True,True,True
P369,"C16,C32","C16,C32",0.2363186392862525,0.2363186392862525,0.0,400,400,True,True,True
P370,"C16,C33","C16,C33",0.2486502565804412,0.2486502565804412,0.0,376,376,True,True,True
P371,"C16,C35","C16,C35",0.3915397219167367,0.3915397219167367,0.0,166,166,True,True,True
P372,"C16,C36","C16,C36",0.2045499569112689,0.2045499569112689,0.0,492,492,True,True,True
P373,"C16,C37","C16,C37",0.2125272485407066,0.2125272485407066,0.0,464,464,True,True,True
P374,"C16,C38","C16,C38",0.217210310622138,0.217210310622138,0.0,450,450,True,True,True
P375,"C16,C39","C16,C39",0.209442422992275,0.209442422992275,0.0,477,477,True,True,True
P376,"C16,C40","C16,C40",0.2107916752644351,0.2107916752644351,0.0,470,470,True,True,True
P377,"C16,C44","C16,C44",0.2368234841723337,0.2368234841723337,0.0,399,399,True,True,True
P378,"C17,C18","C17,C18",0.2343487660634665,0.2343487660634665,0.0,407,407,True,True,True
P379,"C17,C19","C17,C19",0.2222121084605515,0.2222121084605515,0.0,435,435,True,True,True
P380,"C17,C20","C17,C20",0.2946780586005845,0.2946780586005845,0.0,324,324,True,True,True
P381,"C17,C21","C17,C21",0.3831221297814053,0.3831221297814053,0.0,187,187,True,True,True
P382,"C17,C22","C17,C22",0.2751102634953982,0.2751102634953982,0.0,343,343,True,True,True
P383,"C17,C24","C17,C24",0.5256929348252959,0.5256929348252959,0.0,64,64,True,True,True
P384,"C17,C25","C17,C25",0.2347039669097361,0.2347039669097361,0.0,406,406,True,True,True
P385,"C17,C26","C17,C26",0.3825288629338172,0.3825288629338172,0.0,188,188,True,True,True
P386,"C17,C27","C17,C27",0.3640561692388165,0.3640561692388165,0.0,225,225,True,True,True
P387,"C17,C28","C17,C28",0.3275373417725853,0.3275373417725853,0.0,284,284,True,True,True
P388,"C17,C29","C17,C29",0.2422270571854467,0.2422270571854467,0.0,387,387,True,True,True
P389,"C17,C30","C17,C30",0.261594429208237,0.261594429208237,0.0,360,360,True,True,True
P390,"C17,C31","C17,C31",0.2257934502114124,0.2257934502114124,0.0,425,425,True,True,True
P391,"C17,C32","C17,C32",0.239808088986103,0.239808088986103,0.0,392,392,True,True,True
P392,"C17,C33","C17,C33",0.2521397062802917,0.2521397062802917,0.0,372,372,True,True,True
P393,"C17,C35","C17,C35",0.3950291716165873,0.3950291716165873,0.0,162,162,True,True,True
P394,"C17,C36","C17,C36",0.2080394066111194,0.2080394066111194,0.0,483,483,True,True,True
P395,"C17,C37","C17,C37",0.216016698240557,0.216016698240557,0.0,454,454,True,True,True
P396,"C17,C38","C17,C38",0.2206997603219886,0.2206997603219886,0.0,441,441,True,True,True
P397,"C17,C39","C17,C39",0.2129318726921255,0.2129318726921255,0.0,463,463,True,True,True
P398,"C17,C40","C17,C40",0.2142811249642855,0.2142811249642855,0.0,460,460,True,True,True
P399,"C17,C44","C17,C44",0.2403129338721842,0.2403129338721842,0.0,390,390,True,True,True
P400,"C18,C19","C18,C19",0.2177200547981092,0.2177200547981092,0.0,446,446,True,True,True
P401,"C18,C20","C18,C20",0.2834030592017081,0.2834030592017081,0.0,333,333,True,True,True
P402,"C18,C21","C18,C21",0.3718471303825289,0.3718471303825289,0.0,204,204,True,True,True
P403,"C18,C22","C18,C22",0.2638352640965218,0.2638352640965218,0.0,356,356,True,True,True
P404,"C18,C24","C18,C24",0.5144179354264194,0.5144179354264194,0.0,71,71,True,True,True
P405,"C18,C25","C18,C25",0.2234289675108597,0.2234289675108597,0.0,431,431,True,True,True
P406,"C18,C26","C18,C26",0.3712538635349408,0.3712538635349408,0.0,205,205,True,True,True
P407,"C18,C27","C18,C27",0.3527811698399401,0.3527811698399401,0.0,247,247,True,True,True
P408,"C18,C28","C18,C28",0.316262342373709,0.316262342373709,0.0,295,295,True,True,True
P409,"C18,C29","C18,C29",0.2309520577865703,0.2309520577865703,0.0,414,414,True,True,True
P410,"C18,C30","C18,C30",0.2503194298093606,0.2503194298093606,0.0,374,374,True,True,True
P411,"C18,C31","C18,C31",0.214518450812536,0.214518450812536,0.0,458,458,True,True,True
P412,"C18,C32","C18,C32",0.2285330895872266,0.2285330895872266,0.0,419,419,True,True,True
P413,"C18,C33","C18,C33",0.2408647068814153,0.2408647068814153,0.0,389,389,True,True,True
P414,"C18,C35","C18,C35",0.3837541722177108,0.3837541722177108,0.0,184,184,True,True,True
P415,"C18,C36","C18,C36",0.1967644072122431,0.1967644072122431,0.0,514,514,True,True,True
P416,"C18,C37","C18,C37",0.2047416988416807,0.2047416988416807,0.0,491,491,True,True,True
P417,"C18,C38","C18,C38",0.2094247609231122,0.2094247609231122,0.0,478,478,True,True,True
P418,"C18,C39","C18,C39",0.2016568732932491,0.2016568732932491,0.0,499,499,True,True,True
P419,"C18,C40","C18,C40",0.2030061255654092,0.2030061255654092,0.0,497,497,True,True,True
P420,"C18,C44","C18,C44",0.2290379344733078,0.2290379344733078,0.0,418,418,True,True,True
P421,"C19,C20","C19,C20",0.2780493473352273,0.2780493473352273,0.0,338,338,True,True,True
P422,"C19,C21","C19,C21",0.366493418516048,0.366493418516048,0.0,213,213,True,True,True
P423,"C19,C22","C19,C22",0.258481552230041,0.258481552230041,0.0,362,362,True,True,True
P424,"C19,C24","C19,C24",0.5090642235599386,0.5090642235599386,0.0,75,75,True,True,True
P425,"C19,C25","C19,C25",0.2180752556443789,0.2180752556443789,0.0,445,445,True,True,True
P426,"C19,C26","C19,C26",0.3659001516684599,0.3659001516684599,0.0,216,216,True,True,True
P427,"C19,C27","C19,C27",0.3474274579734592,0.3474274579734592,0.0,256,256,True,True,True
P428,"C19,C28","C19,C28",0.3109086305072281,0.3109086305072281,0.0,300,300,True,True,True
P429,"C19,C29","C19,C29",0.2255983459200894,0.2255983459200894,0.0,426,426,True,True,True
P430,"C19,C30","C19,C30",0.2449657179428797,0.2449657179428797,0.0,380,380,True,True,True
P431,"C19,C31","C19,C31",0.2091647389460552,0.2091647389460552,0.0,479,479,True,True,True
P432,"C19,C32","C19,C32",0.2231793777207457,0.2231793777207457,0.0,433,433,True,True,True
P433,"C19,C33","C19,C33",0.2355109950149344,0.2355109950149344,0.0,404,404,True,True,True
P434,"C19,C35","C19,C35",0.3784004603512299,0.3784004603512299,0.0,195,195,True,True,True
P435,"C19,C36","C19,C36",0.1914106953457622,0.1914106953457622,0.0,526,526,True,True,True
P436,"C19,C37","C19,C37",0.1993879869751998,0.1993879869751998,0.0,508,508,True,True,True
P437,"C19,C38","C19,C38",0.2040710490566313,0.2040710490566313,0.0,494,494,True,True,True
P438,"C19,C39","C19,C39",0.1963031614267683,0.1963031614267683,0.0,515,515,True,True,True
P439,"C19,C40","C19,C40",0.1976524136989283,0.1976524136989283,0.0,511,511,True,True,True
P440,"C19,C44","C19,C44",0.2236842226068269,0.2236842226068269,0.0,430,430,True,True,True
P441,"C20,C21","C20,C21",0.4389593686560811,0.4389593686560811,0.0,114,114,True,True,True
P442,"C20,C22","C20,C22",0.330947502370074,0.330947502370074,0.0,276,276,True,True,True
P443,"C20,C24","C20,C24",0.5815301736999717,0.5815301736999717,0.0,24,24,True,True,True
P444,"C20,C25","C20,C25",0.2905412057844119,0.2905412057844119,0.0,328,328,True,True,True
P445,"C20,C26","C20,C26",0.438366101808493,0.438366101808493,0.0,115,115,True,True,True
P446,"C20,C27","C20,C27",0.4198934081134923,0.4198934081134923,0.0,131,131,True,True,True
P447,"C20,C28","C20,C28",0.3833745806472611,0.3833745806472611,0.0,186,186,True,True,True
P448,"C20,C29","C20,C29",0.2980642960601225,0.2980642960601225,0.0,318,318,True,True,True
P449,"C20,C30","C20,C30",0.3174316680829127,0.3174316680829127,0.0,293,293,True,True,True
P450,"C20,C31","C20,C31",0.2816306890860882,0.2816306890860882,0.0,335,335,True,True,True
P451,"C20,C32","C20,C32",0.2956453278607788,0.2956453278607788,0.0,323,323,True,True,True
P452,"C20,C33","C20,C33",0.3079769451549675,0.3079769451549675,0.0,304,304,True,True,True
P453,"C20,C35","C20,C35",0.450866410491263,0.450866410491263,0.0,108,108,True,True,True
P454,"C20,C36","C20,C36",0.2638766454857952,0.2638766454857952,0.0,355,355,True,True,True
P455,"C20,C37","C20,C37",0.2718539371152328,0.2718539371152328,0.0,345,345,True,True,True
P456,"C20,C38","C20,C38",0.2765369991966644,0.2765369991966644,0.0,341,341,True,True,True
P457,"C20,C39","C20,C39",0.2687691115668013,0.2687691115668013,0.0,350,350,True,True,True
P458,"C20,C40","C20,C40",0.2701183638389614,0.2701183638389614,0.0,348,348,True,True,True
P459,"C20,C44","C20,C44",0.29615017274686,0.29615017274686,0.0,322,322,True,True,True
P460,"C21,C22","C21,C22",0.4193915735508948,0.4193915735508948,0.0,132,132,True,True,True
P461,"C21,C24","C21,C24",0.6188378812444287,0.6188378812444287,0.0,17,17,True,True,True
P462,"C21,C25","C21,C25",0.3789852769652327,0.3789852769652327,0.0,194,194,True,True,True
P463,"C21,C26","C21,C26",0.516582900262041,0.516582900262041,0.0,70,70,True,True,True
P464,"C21,C27","C21,C27",0.4981102065670402,0.4981102065670402,0.0,82,82,True,True,True
P465,"C21,C28","C21,C28",0.4718186518280819,0.4718186518280819,0.0,99,99,True,True,True
P466,"C21,C29","C21,C29",0.3865083672409432,0.3865083672409432,0.0,175,175,True,True,True
P467,"C21,C30","C21,C30",0.4058757392637334,0.4058757392637334,0.0,145,145,True,True,True
P468,"C21,C31","C21,C31",0.370074760266909,0.370074760266909,0.0,208,208,True,True,True
P469,"C21,C32","C21,C32",0.3840893990415995,0.3840893990415995,0.0,182,182,True,True,True
P470,"C21,C33","C21,C33",0.3964210163357882,0.3964210163357882,0.0,159,159,True,True,True
P471,"C21,C35","C21,C35",0.5393104816720837,0.5393104816720837,0.0,48,48,True,True,True
P472,"C21,C36","C21,C36",0.3523207166666159,0.3523207166666159,0.0,249,249,True,True,True
P473,"C21,C37","C21,C37",0.3602980082960536,0.3602980082960536,0.0,230,230,True,True,True
P474,"C21,C38","C21,C38",0.3649810703774851,0.3649810703774851,0.0,220,220,True,True,True
P475,"C21,C39","C21,C39",0.3572131827476221,0.3572131827476221,0.0,239,239,True,True,True
P476,"C21,C40","C21,C40",0.3585624350197821,0.3585624350197821,0.0,235,235,True,True,True
P477,"C21,C44","C21,C44",0.3845942439276807,0.3845942439276807,0.0,181,181,True,True,True
P478,"C22,C24","C22,C24",0.5619623785947854,0.5619623785947854,0.0,30,30,True,True,True
P479,"C22,C25","C22,C25",0.2709734106792256,0.2709734106792256,0.0,347,347,True,True,True
P480,"C22,C26","C22,C26",0.4187983067033067,0.4187983067033067,0.0,133,133,True,True,True
P481,"C22,C27","C22,C27",0.400325613008306,0.400325613008306,0.0,153,153,True,True,True
P482,"C22,C28","C22,C28",0.3638067855420748,0.3638067855420748,0.0,226,226,True,True,True
P483,"C22,C29","C22,C29",0.2784965009549362,0.2784965009549362,0.0,336,336,True,True,True
P484,"C22,C30","C22,C30",0.2978638729777265,0.2978638729777265,0.0,319,319,True,True,True
P485,"C22,C31","C22,C31",0.2620628939809019,0.2620628939809019,0.0,359,359,True,True,True
P486,"C22,C32","C22,C32",0.2760775327555925,0.2760775327555925,0.0,342,342,True,True,True
P487,"C22,C33","C22,C33",0.2884091500497812,0.2884091500497812,0.0,330,330,True,True,True
P488,"C22,C35","C22,C35",0.4312986153860766,0.4312986153860766,0.0,121,121,True,True,True
P489,"C22,C36","C22,C36",0.2443088503806089,0.2443088503806089,0.0,382,382,True,True,True
P490,"C22,C37","C22,C37",0.2522861420100465,0.2522861420100465,0.0,370,370,True,True,True
P491,"C22,C38","C22,C38",0.2569692040914781,0.2569692040914781,0.0,366,366,True,True,True
P492,"C22,C39","C22,C39",0.249201316461615,0.249201316461615,0.0,375,375,True,True,True
P493,"C22,C40","C22,C40",0.250550568733775,0.250550568733775,0.0,373,373,True,True,True
P494,"C22,C44","C22,C44",0.2765823776416737,0.2765823776416737,0.0,339,339,True,True,True
P495,"C24,C25","C24,C25",0.5215560820091233,0.5215560820091233,0.0,68,68,True,True,True
P496,"C24,C26","C24,C26",0.6693809780332043,0.6693809780332043,0.0,13,13,True,True,True
P497,"C24,C27","C24,C27",0.6509082843382037,0.6509082843382037,0.0,14,14,True,True,True
P498,"C24,C28","C24,C28",0.6143894568719726,0.6143894568719726,0.0,18,18,True,True,True
P499,"C24,C29","C24,C29",0.5290791722848339,0.5290791722848339,0.0,58,58,True,True,True
P500,"C24,C30","C24,C30",0.5484465443076241,0.5484465443076241,0.0,40,40,True,True,True
P501,"C24,C31","C24,C31",0.5126455653107995,0.5126455653107995,0.0,73,73,True,True,True
P502,"C24,C32","C24,C32",0.5266602040854901,0.5266602040854901,0.0,63,63,True,True,True
P503,"C24,C33","C24,C33",0.5389918213796788,0.5389918213796788,0.0,49,49,True,True,True
P504,"C24,C35","C24,C35",0.6818812867159743,0.6818812867159743,0.0,11,11,True,True,True
P505,"C24,C36","C24,C36",0.4948915217105065,0.4948915217105065,0.0,86,86,True,True,True
P506,"C24,C37","C24,C37",0.5028688133399442,0.5028688133399442,0.0,79,79,True,True,True
P507,"C24,C38","C24,C38",0.5075518754213757,0.5075518754213757,0.0,76,76,True,True,True
P508,"C24,C39","C24,C39",0.4997839877915126,0.4997839877915126,0.0,81,81,True,True,True
P509,"C24,C40","C24,C40",0.5011332400636727,0.5011332400636727,0.0,80,80,True,True,True
P510,"C24,C44","C24,C44",0.5271650489715713,0.5271650489715713,0.0,62,62,True,True,True
P511,"C25,C26","C25,C26",0.3783920101176446,0.3783920101176446,0.0,196,196,True,True,True
P512,"C25,C27","C25,C27",0.3599193164226438,0.3599193164226438,0.0,232,232,True,True,True
P513,"C25,C28","C25,C28",0.3234004889564127,0.3234004889564127,0.0,286,286,True,True,True
P514,"C25,C29","C25,C29",0.2380902043692741,0.2380902043692741,0.0,397,397,True,True,True
P515,"C25,C30","C25,C30",0.2574575763920643,0.2574575763920643,0.0,365,365,True,True,True
P516,"C25,C31","C25,C31",0.2216565973952398,0.2216565973952398,0.0,439,439,True,True,True
P517,"C25,C32","C25,C32",0.2356712361699304,0.2356712361699304,0.0,403,403,True,True,True
P518,"C25,C33","C25,C33",0.2480028534641191,0.2480028534641191,0.0,378,378,True,True,True
P519,"C25,C35","C25,C35",0.3908923188004146,0.3908923188004146,0.0,167,167,True,True,True
P520,"C25,C36","C25,C36",0.2039025537949468,0.2039025537949468,0.0,496,496,True,True,True
P521,"C25,C37","C25,C37",0.2118798454243844,0.2118798454243844,0.0,466,466,True,True,True
P522,"C25,C38","C25,C38",0.2165629075058159,0.2165629075058159,0.0,452,452,True,True,True
P523,"C25,C39","C25,C39",0.2087950198759529,0.2087950198759529,0.0,481,481,True,True,True
P524,"C25,C40","C25,C40",0.2101442721481129,0.2101442721481129,0.0,473,473,True,True,True
P525,"C25,C44","C25,C44",0.2361760810560115,0.2361760810560115,0.0,401,401,True,True,True
P526,"C26,C27","C26,C27",0.4770623942649068,0.4770623942649068,0.0,96,96,True,True,True
P527,"C26,C28","C26,C28",0.4712253849804938,0.4712253849804938,0.0,100,100,True,True,True
P528,"C26,C29","C26,C29",0.3859151003933552,0.3859151003933552,0.0,177,177,True,True,True
P529,"C26,C30","C26,C30",0.4052824724161454,0.4052824724161454,0.0,147,147,True,True,True
P530,"C26,C31","C26,C31",0.3694814934193209,0.3694814934193209,0.0,210,210,True,True,True
P531,"C26,C32","C26,C32",0.3834961321940115,0.3834961321940115,0.0,185,185,True,True,True
P532,"C26,C33","C26,C33",0.3958277494882001,0.3958277494882001,0.0,161,161,True,True,True
P533,"C26,C35","C26,C35",0.5387172148244957,0.5387172148244957,0.0,50,50,True,True,True
P534,"C26,C36","C26,C36",0.3517274498190279,0.3517274498190279,0.0,250,250,True,True,True
P535,"C26,C37","C26,C37",0.3597047414484655,0.3597047414484655,0.0,233,233,True,True,True
P536,"C26,C38","C26,C38",0.3643878035298971,0.3643878035298971,0.0,223,223,True,True,True
P537,"C26,C39","C26,C39",0.356619915900034,0.356619915900034,0.0,240,240,True,True,True
P538,"C26,C40","C26,C40",0.357969168172194,0.357969168172194,0.0,237,237,True,True,True
P539,"C26,C44","C26,C44",0.3840009770800927,0.3840009770800927,0.0,183,183,True,True,True
P540,"C27,C28","C27,C28",0.4622488153165009,0.4622488153165009,0.0,104,104,True,True,True
P541,"C27,C29","C27,C29",0.3674424066983545,0.3674424066983545,0.0,212,212,True,True,True
P542,"C27,C30","C27,C30",0.3868097787211446,0.3868097787211446,0.0,174,174,True,True,True
P543,"C27,C31","C27,C31",0.3510087997243202,0.3510087997243202,0.0,251,251,True,True,True
P544,"C27,C32","C27,C32",0.3650234384990107,0.3650234384990107,0.0,219,219,True,True,True
P545,"C27,C33","C27,C33",0.3773550557931994,0.3773550557931994,0.0,199,199,True,True,True
P546,"C27,C35","C27,C35",0.5202445211294949,0.5202445211294949,0.0,69,69,True,True,True
P547,"C27,C36","C27,C36",0.3332547561240271,0.3332547561240271,0.0,273,273,True,True,True
P548,"C27,C37","C27,C37",0.3412320477534648,0.3412320477534648,0.0,260,260,True,True,True
P549,"C27,C38","C27,C38",0.3459151098348963,0.3459151098348963,0.0,257,257,True,True,True
P550,"C27,C39","C27,C39",0.3381472222050333,0.3381472222050333,0.0,264,264,True,True,True
P551,"C27,C40","C27,C40",0.3394964744771933,0.3394964744771933,0.0,262,262,True,True,True
P552,"C27,C44","C27,C44",0.3655282833850919,0.3655282833850919,0.0,218,218,True,True,True
P553,"C28,C29","C28,C29",0.3309235792321233,0.3309235792321233,0.0,277,277,True,True,True
P554,"C28,C30","C28,C30",0.3502909512549135,0.3502909512549135,0.0,252,252,True,True,True
P555,"C28,C31","C28,C31",0.314489972258089,0.314489972258089,0.0,297,297,True,True,True
P556,"C28,C32","C28,C32",0.3285046110327796,0.3285046110327796,0.0,283,283,True,True,True
P557,"C28,C33","C28,C33",0.3408362283269683,0.3408362283269683,0.0,261,261,True,True,True
P558,"C28,C35","C28,C35",0.4850822828105506,0.4850822828105506,0.0,90,90,True,True,True
P559,"C28,C36","C28,C36",0.2967359286577961,0.2967359286577961,0.0,321,321,True,True,True
P560,"C28,C37","C28,C37",0.3047132202872337,0.3047132202872337,0.0,308,308,True,True,True
P561,"C28,C38","C28,C38",0.3093962823686652,0.3093962823686652,0.0,302,302,True,True,True
P562,"C28,C39","C28,C39",0.3016283947388021,0.3016283947388021,0.0,314,314,True,True,True
P563,"C28,C40","C28,C40",0.3029776470109622,0.3029776470109622,0.0,312,312,True,True,True
P564,"C28,C44","C28,C44",0.3290094559188607,0.3290094559188607,0.0,281,281,True,True,True
P565,"C29,C30","C29,C30",0.2649806666677749,0.2649806666677749,0.0,353,353,True,True,True
P566,"C29,C31","C29,C31",0.2291796876709504,0.2291796876709504,0.0,417,417,True,True,True
P567,"C29,C32","C29,C32",0.2431943264456409,0.2431943264456409,0.0,386,386,True,True,True
P568,"C29,C33","C29,C33",0.2555259437398297,0.2555259437398297,0.0,367,367,True,True,True
P569,"C29,C35","C29,C35",0.3984154090761251,0.3984154090761251,0.0,156,156,True,True,True
P570,"C29,C36","C29,C36",0.2114256440706574,0.2114256440706574,0.0,468,468,True,True,True
P571,"C29,C37","C29,C37",0.219402935700095,0.219402935700095,0.0,442,442,True,True,True
P572,"C29,C38","C29,C38",0.2240859977815265,0.2240859977815265,0.0,428,428,True,True,True
P573,"C29,C39","C29,C39",0.2163181101516635,0.2163181101516635,0.0,453,453,True,True,True
P574,"C29,C40","C29,C40",0.2176673624238235,0.2176673624238235,0.0,447,447,True,True,True
P575,"C29,C44","C29,C44",0.2436991713317222,0.2436991713317222,0.0,383,383,True,True,True
P576,"C30,C31","C30,C31",0.2485470596937406,0.2485470596937406,0.0,377,377,True,True,True
P577,"C30,C32","C30,C32",0.2625616984684312,0.2625616984684312,0.0,358,358,True,True,True
P578,"C30,C33","C30,C33",0.2748933157626199,0.2748933157626199,0.0,344,344,True,True,True
P579,"C30,C35","C30,C35",0.4382373265534608,0.4382373265534608,0.0,116,116,True,True,True
P580,"C30,C36","C30,C36",0.2307930160934477,0.2307930160934477,0.0,415,415,True,True,True
P581,"C30,C37","C30,C37",0.2387703077228853,0.2387703077228853,0.0,394,394,True,True,True
P582,"C30,C38","C30,C38",0.2434533698043168,0.2434533698043168,0.0,385,385,True,True,True
P583,"C30,C39","C30,C39",0.2356854821744538,0.2356854821744538,0.0,402,402,True,True,True
P584,"C30,C40","C30,C40",0.2370347344466138,0.2370347344466138,0.0,398,398,True,True,True
P585,"C30,C44","C30,C44",0.2630665433545124,0.2630665433545124,0.0,357,357,True,True,True
P586,"C31,C32","C31,C32",0.2281173086188935,0.2281173086188935,0.0,420,420,True,True,True
P587,"C31,C33","C31,C33",0.2390923367657954,0.2390923367657954,0.0,393,393,True,True,True
P588,"C31,C35","C31,C35",0.3819818021020909,0.3819818021020909,0.0,190,190,True,True,True
P589,"C31,C36","C31,C36",0.1949920370966231,0.1949920370966231,0.0,518,518,True,True,True
P590,"C31,C37","C31,C37",0.2029693287260607,0.2029693287260607,0.0,498,498,True,True,True
P591,"C31,C38","C31,C38",0.2076523908074922,0.2076523908074922,0.0,484,484,True,True,True
P592,"C31,C39","C31,C39",0.1998845031776292,0.1998845031776292,0.0,504,504,True,True,True
P593,"C31,C40","C31,C40",0.2012337554497892,0.2012337554497892,0.0,500,500,True,True,True
P594,"C31,C44","C31,C44",0.2272655643576879,0.2272655643576879,0.0,422,422,True,True,True
P595,"C32,C33","C32,C33",0.2531069755404859,0.2531069755404859,0.0,369,369,True,True,True
P596,"C32,C35","C32,C35",0.3959964408767814,0.3959964408767814,0.0,160,160,True,True,True
P597,"C32,C36","C32,C36",0.2090066758713137,0.2090066758713137,0.0,480,480,True,True,True
P598,"C32,C37","C32,C37",0.2169839675007513,0.2169839675007513,0.0,451,451,True,True,True
P599,"C32,C38","C32,C38",0.2216670295821828,0.2216670295821828,0.0,438,438,True,True,True
P600,"C32,C39","C32,C39",0.2138991419523198,0.2138991419523198,0.0,461,461,True,True,True
P601,"C32,C40","C32,C40",0.2152483942244798,0.2152483942244798,0.0,456,456,True,True,True
P602,"C32,C44","C32,C44",0.2412802031323784,0.2412802031323784,0.0,388,388,True,True,True
P603,"C33,C35","C33,C35",0.416467593054691,0.416467593054691,0.0,137,137,True,True,True
P604,"C33,C36","C33,C36",0.2213382931655024,0.2213382931655024,0.0,440,440,True,True,True
P605,"C33,C37","C33,C37",0.22931558479494,0.22931558479494,0.0,416,416,True,True,True
P606,"C33,C38","C33,C38",0.2339986468763715,0.2339986468763715,0.0,409,409,True,True,True
P607,"C33,C39","C33,C39",0.2262307592465084,0.2262307592465084,0.0,424,424,True,True,True
P608,"C33,C40","C33,C40",0.2275800115186685,0.2275800115186685,0.0,421,421,True,True,True
P609,"C33,C44","C33,C44",0.2536118204265671,0.2536118204265671,0.0,368,368,True,True,True
P610,"C35,C36","C35,C36",0.3642277585017979,0.3642277585017979,0.0,224,224,True,True,True
P611,"C35,C37","C35,C37",0.3722050501312355,0.3722050501312355,0.0,203,203,True,True,True
P612,"C35,C38","C35,C38",0.3782447013599538,0.3782447013599538,0.0,197,197,True,True,True
P613,"C35,C39","C35,C39",0.369120224582804,0.369120224582804,0.0,211,211,True,True,True
P614,"C35,C40","C35,C40",0.370469476854964,0.370469476854964,0.0,207,207,True,True,True
P615,"C35,C44","C35,C44",0.3965012857628626,0.3965012857628626,0.0,158,158,True,True,True
P616,"C36,C37","C36,C37",0.1852152851257678,0.1852152851257678,0.0,542,542,True,True,True
P617,"C36,C38","C36,C38",0.1898983472071993,0.1898983472071993,0.0,531,531,True,True,True
P618,"C36,C39","C36,C39",0.1821304595773362,0.1821304595773362,0.0,549,549,True,True,True
P619,"C36,C40","C36,C40",0.1834797118494963,0.1834797118494963,0.0,547,547,True,True,True
P620,"C36,C44","C36,C44",0.2095115207573949,0.2095115207573949,0.0,476,476,True,True,True
P621,"C37,C38","C37,C38",0.1978756388366369,0.1978756388366369,0.0,510,510,True,True,True
P622,"C37,C39","C37,C39",0.1901077512067738,0.1901077512067738,0.0,530,530,True,True,True
P623,"C37,C40","C37,C40",0.1914570034789339,0.1914570034789339,0.0,525,525,True,True,True
P624,"C37,C44","C37,C44",0.2174888123868325,0.2174888123868325,0.0,448,448,True,True,True
P625,"C38,C39","C38,C39",0.1947908132882053,0.1947908132882053,0.0,519,519,True,True,True
P626,"C38,C40","C38,C40",0.1961400655603654,0.1961400655603654,0.0,516,516,True,True,True
P627,"C38,C44","C38,C44",0.222171874468264,0.222171874468264,0.0,436,436,True,True,True
P628,"C39,C40","C39,C40",0.1883721779305023,0.1883721779305023,0.0,534,534,True,True,True
P629,"C39,C44","C39,C44",0.214403986838401,0.214403986838401,0.0,459,459,True,True,True
P630,"C40,C44","C40,C44",0.215753239110561,0.215753239110561,0.0,455,455,True,True,True
