dark_zone_id,x,y,sunlight_hours,severity,nearest_building_id,notes
DZ0001,6.0,-4.0,2.0,medium,B07,simplified ground-grid dark point
DZ0002,8.0,-4.0,0.0,high,B07,simplified ground-grid dark point
DZ0003,8.0,-2.0,2.0,medium,B07,simplified ground-grid dark point
DZ0004,10.0,-4.0,0.0,high,B07,simplified ground-grid dark point
DZ0005,10.0,-2.0,1.0,high,B07,simplified ground-grid dark point
DZ0006,12.0,-4.0,0.0,high,B07,simplified ground-grid dark point
DZ0007,12.0,-2.0,0.0,high,B07,simplified ground-grid dark point
DZ0008,12.0,0.0,2.0,medium,B01,simplified ground-grid dark point
DZ0009,14.0,-4.0,0.0,high,B07,simplified ground-grid dark point
DZ0010,14.0,-2.0,0.0,high,B07,simplified ground-grid dark point
DZ0011,14.0,0.0,1.0,high,B01,simplified ground-grid dark point
DZ0012,16.0,-4.0,0.0,high,B07,simplified ground-grid dark point
DZ0013,16.0,-2.0,0.0,high,B07,simplified ground-grid dark point
DZ0014,16.0,0.0,1.0,high,B01,simplified ground-grid dark point
DZ0015,18.0,-10.0,1.0,high,B07,simplified ground-grid dark point
DZ0016,18.0,-8.0,1.0,high,B07,simplified ground-grid dark point
DZ0017,18.0,-6.0,1.0,high,B07,simplified ground-grid dark point
DZ0018,18.0,-4.0,1.0,high,B07,simplified ground-grid dark point
DZ0019,18.0,-2.0,1.0,high,B07,simplified ground-grid dark point
DZ0020,18.0,0.0,1.0,high,B01,simplified ground-grid dark point
DZ0021,20.0,-4.0,0.0,high,B08,simplified ground-grid dark point
DZ0022,20.0,-2.0,1.0,high,B08,simplified ground-grid dark point
DZ0023,20.0,0.0,1.0,high,B08,simplified ground-grid dark point
DZ0024,20.0,2.0,2.0,medium,B02,simplified ground-grid dark point
DZ0025,20.0,10.0,2.0,medium,B02,simplified ground-grid dark point
DZ0026,22.0,-4.0,0.0,high,B08,simplified ground-grid dark point
DZ0027,22.0,-2.0,0.0,high,B08,simplified ground-grid dark point
DZ0028,22.0,0.0,1.0,high,B02,simplified ground-grid dark point
DZ0029,22.0,2.0,1.0,high,B02,simplified ground-grid dark point
DZ0030,24.0,-4.0,0.0,high,B08,simplified ground-grid dark point
DZ0031,24.0,-2.0,0.0,high,B08,simplified ground-grid dark point
DZ0032,24.0,0.0,0.0,high,B02,simplified ground-grid dark point
DZ0033,24.0,2.0,1.0,high,B02,simplified ground-grid dark point
DZ0034,26.0,-4.0,0.0,high,B08,simplified ground-grid dark point
DZ0035,26.0,-2.0,0.0,high,B08,simplified ground-grid dark point
DZ0036,26.0,0.0,0.0,high,B02,simplified ground-grid dark point
DZ0037,26.0,2.0,0.0,high,B02,simplified ground-grid dark point
DZ0038,28.0,-4.0,0.0,high,B08,simplified ground-grid dark point
DZ0039,28.0,-2.0,1.0,high,B08,simplified ground-grid dark point
DZ0040,28.0,0.0,1.0,high,B02,simplified ground-grid dark point
DZ0041,28.0,2.0,1.0,high,B02,simplified ground-grid dark point
DZ0042,30.0,-10.0,1.0,high,B08,simplified ground-grid dark point
DZ0043,30.0,-8.0,1.0,high,B08,simplified ground-grid dark point
DZ0044,30.0,-6.0,1.0,high,B08,simplified ground-grid dark point
DZ0045,30.0,-4.0,1.0,high,B08,simplified ground-grid dark point
DZ0046,30.0,-2.0,1.0,high,B08,simplified ground-grid dark point
DZ0047,30.0,0.0,1.0,high,B02,simplified ground-grid dark point
DZ0048,30.0,2.0,1.0,high,B02,simplified ground-grid dark point
DZ0049,30.0,4.0,1.0,high,B02,simplified ground-grid dark point
DZ0050,32.0,-10.0,1.0,high,B09,simplified ground-grid dark point
DZ0051,32.0,-8.0,1.0,high,B09,simplified ground-grid dark point
DZ0052,32.0,-6.0,1.0,high,B09,simplified ground-grid dark point
DZ0053,32.0,-4.0,1.0,high,B09,simplified ground-grid dark point
DZ0054,32.0,-2.0,1.0,high,B09,simplified ground-grid dark point
DZ0055,32.0,0.0,1.0,high,B02,simplified ground-grid dark point
DZ0056,32.0,2.0,1.0,high,B02,simplified ground-grid dark point
DZ0057,32.0,4.0,1.0,high,B02,simplified ground-grid dark point
DZ0058,34.0,-4.0,0.0,high,B09,simplified ground-grid dark point
DZ0059,34.0,-2.0,1.0,high,B09,simplified ground-grid dark point
DZ0060,34.0,0.0,1.0,high,B02,simplified ground-grid dark point
DZ0061,34.0,2.0,1.0,high,B02,simplified ground-grid dark point
DZ0062,34.0,4.0,1.0,high,B02,simplified ground-grid dark point
DZ0063,36.0,-4.0,0.0,high,B09,simplified ground-grid dark point
DZ0064,36.0,-2.0,0.0,high,B09,simplified ground-grid dark point
DZ0065,36.0,0.0,0.0,high,B09,simplified ground-grid dark point
DZ0066,36.0,2.0,0.0,high,B02,simplified ground-grid dark point
DZ0067,36.0,4.0,1.0,high,B02,simplified ground-grid dark point
DZ0068,36.0,10.0,1.0,high,B02,simplified ground-grid dark point
DZ0069,38.0,-4.0,0.0,high,B09,simplified ground-grid dark point
DZ0070,38.0,-2.0,0.0,high,B09,simplified ground-grid dark point
DZ0071,38.0,0.0,0.0,high,B03,simplified ground-grid dark point
DZ0072,38.0,2.0,1.0,high,B03,simplified ground-grid dark point
DZ0073,38.0,4.0,1.0,high,B03,simplified ground-grid dark point
DZ0074,40.0,-4.0,0.0,high,B09,simplified ground-grid dark point
DZ0075,40.0,-2.0,0.0,high,B09,simplified ground-grid dark point
DZ0076,40.0,0.0,0.0,high,B03,simplified ground-grid dark point
DZ0077,40.0,2.0,0.0,high,B03,simplified ground-grid dark point
DZ0078,40.0,4.0,0.0,high,B03,simplified ground-grid dark point
DZ0079,42.0,-4.0,0.0,high,B09,simplified ground-grid dark point
DZ0080,42.0,-2.0,0.0,high,B09,simplified ground-grid dark point
DZ0081,42.0,0.0,0.0,high,B03,simplified ground-grid dark point
DZ0082,42.0,2.0,0.0,high,B03,simplified ground-grid dark point
DZ0083,42.0,4.0,0.0,high,B03,simplified ground-grid dark point
DZ0084,44.0,-4.0,0.0,high,B09,simplified ground-grid dark point
DZ0085,44.0,-2.0,0.0,high,B09,simplified ground-grid dark point
DZ0086,44.0,0.0,0.0,high,B03,simplified ground-grid dark point
DZ0087,44.0,2.0,0.0,high,B03,simplified ground-grid dark point
DZ0088,44.0,4.0,0.0,high,B03,simplified ground-grid dark point
DZ0089,46.0,-4.0,0.0,high,B09,simplified ground-grid dark point
DZ0090,46.0,-2.0,0.0,high,B09,simplified ground-grid dark point
DZ0091,46.0,0.0,0.0,high,B03,simplified ground-grid dark point
DZ0092,46.0,2.0,0.0,high,B03,simplified ground-grid dark point
DZ0093,46.0,4.0,0.0,high,B03,simplified ground-grid dark point
DZ0094,48.0,-4.0,0.0,high,B09,simplified ground-grid dark point
DZ0095,48.0,-2.0,0.0,high,B09,simplified ground-grid dark point
DZ0096,48.0,0.0,0.0,high,B03,simplified ground-grid dark point
DZ0097,48.0,2.0,0.0,high,B03,simplified ground-grid dark point
DZ0098,48.0,4.0,0.0,high,B03,simplified ground-grid dark point
DZ0099,50.0,-10.0,1.0,high,B09,simplified ground-grid dark point
DZ0100,50.0,-8.0,1.0,high,B09,simplified ground-grid dark point
DZ0101,50.0,-6.0,1.0,high,B09,simplified ground-grid dark point
DZ0102,50.0,-4.0,1.0,high,B09,simplified ground-grid dark point
DZ0103,50.0,-2.0,1.0,high,B09,simplified ground-grid dark point
DZ0104,50.0,0.0,1.0,high,B09,simplified ground-grid dark point
DZ0105,50.0,2.0,1.0,high,B03,simplified ground-grid dark point
DZ0106,50.0,4.0,1.0,high,B03,simplified ground-grid dark point
DZ0107,50.0,6.0,1.0,high,B03,simplified ground-grid dark point
DZ0108,50.0,10.0,2.0,medium,B03,simplified ground-grid dark point
DZ0109,52.0,-4.0,0.0,high,B10,simplified ground-grid dark point
DZ0110,52.0,-2.0,0.0,high,B10,simplified ground-grid dark point
DZ0111,52.0,0.0,0.0,high,B04,simplified ground-grid dark point
DZ0112,52.0,2.0,0.0,high,B04,simplified ground-grid dark point
DZ0113,52.0,4.0,0.0,high,B04,simplified ground-grid dark point
DZ0114,54.0,-4.0,0.0,high,B10,simplified ground-grid dark point
DZ0115,54.0,-2.0,0.0,high,B10,simplified ground-grid dark point
DZ0116,54.0,0.0,0.0,high,B04,simplified ground-grid dark point
DZ0117,54.0,2.0,0.0,high,B04,simplified ground-grid dark point
DZ0118,54.0,4.0,1.0,high,B04,simplified ground-grid dark point
DZ0119,56.0,-4.0,0.0,high,B10,simplified ground-grid dark point
DZ0120,56.0,-2.0,0.0,high,B10,simplified ground-grid dark point
DZ0121,56.0,0.0,0.0,high,B04,simplified ground-grid dark point
DZ0122,56.0,2.0,0.0,high,B04,simplified ground-grid dark point
DZ0123,56.0,4.0,0.0,high,B04,simplified ground-grid dark point
DZ0124,58.0,-4.0,0.0,high,B10,simplified ground-grid dark point
DZ0125,58.0,-2.0,0.0,high,B10,simplified ground-grid dark point
DZ0126,58.0,0.0,0.0,high,B04,simplified ground-grid dark point
DZ0127,58.0,2.0,1.0,high,B04,simplified ground-grid dark point
DZ0128,58.0,4.0,1.0,high,B04,simplified ground-grid dark point
DZ0129,60.0,-4.0,0.0,high,B10,simplified ground-grid dark point
DZ0130,60.0,-2.0,0.0,high,B10,simplified ground-grid dark point
DZ0131,60.0,0.0,0.0,high,B04,simplified ground-grid dark point
DZ0132,60.0,2.0,0.0,high,B04,simplified ground-grid dark point
DZ0133,60.0,4.0,1.0,high,B04,simplified ground-grid dark point
DZ0134,62.0,-4.0,0.0,high,B10,simplified ground-grid dark point
DZ0135,62.0,-2.0,1.0,high,B10,simplified ground-grid dark point
DZ0136,62.0,0.0,1.0,high,B04,simplified ground-grid dark point
DZ0137,62.0,2.0,1.0,high,B04,simplified ground-grid dark point
DZ0138,62.0,4.0,1.0,high,B04,simplified ground-grid dark point
DZ0139,64.0,-10.0,1.0,high,B10,simplified ground-grid dark point
DZ0140,64.0,-8.0,1.0,high,B10,simplified ground-grid dark point
DZ0141,64.0,-6.0,1.0,high,B10,simplified ground-grid dark point
DZ0142,64.0,-4.0,1.0,high,B10,simplified ground-grid dark point
DZ0143,64.0,-2.0,1.0,high,B10,simplified ground-grid dark point
DZ0144,64.0,0.0,1.0,high,B04,simplified ground-grid dark point
DZ0145,64.0,2.0,1.0,high,B04,simplified ground-grid dark point
DZ0146,64.0,4.0,1.0,high,B04,simplified ground-grid dark point
DZ0147,66.0,-4.0,0.0,high,B11,simplified ground-grid dark point
DZ0148,66.0,-2.0,0.0,high,B11,simplified ground-grid dark point
DZ0149,66.0,0.0,0.0,high,B04,simplified ground-grid dark point
DZ0150,66.0,2.0,0.0,high,B04,simplified ground-grid dark point
DZ0151,66.0,4.0,1.0,high,B04,simplified ground-grid dark point
DZ0152,68.0,-4.0,0.0,high,B11,simplified ground-grid dark point
DZ0153,68.0,-2.0,0.0,high,B11,simplified ground-grid dark point
DZ0154,68.0,0.0,0.0,high,B11,simplified ground-grid dark point
DZ0155,68.0,2.0,0.0,high,B04,simplified ground-grid dark point
DZ0156,68.0,4.0,1.0,high,B04,simplified ground-grid dark point
DZ0157,68.0,10.0,2.0,medium,B04,simplified ground-grid dark point
DZ0158,70.0,-4.0,0.0,high,B11,simplified ground-grid dark point
DZ0159,70.0,-2.0,0.0,high,B11,simplified ground-grid dark point
DZ0160,70.0,0.0,0.0,high,B05,simplified ground-grid dark point
DZ0161,70.0,2.0,0.0,high,B05,simplified ground-grid dark point
DZ0162,70.0,4.0,1.0,high,B05,simplified ground-grid dark point
DZ0163,72.0,-4.0,0.0,high,B11,simplified ground-grid dark point
DZ0164,72.0,-2.0,0.0,high,B11,simplified ground-grid dark point
DZ0165,72.0,0.0,0.0,high,B05,simplified ground-grid dark point
DZ0166,72.0,2.0,0.0,high,B05,simplified ground-grid dark point
DZ0167,72.0,4.0,1.0,high,B05,simplified ground-grid dark point
DZ0168,74.0,-4.0,0.0,high,B11,simplified ground-grid dark point
DZ0169,74.0,-2.0,0.0,high,B11,simplified ground-grid dark point
DZ0170,74.0,0.0,0.0,high,B05,simplified ground-grid dark point
DZ0171,74.0,2.0,0.0,high,B05,simplified ground-grid dark point
DZ0172,74.0,4.0,1.0,high,B05,simplified ground-grid dark point
DZ0173,76.0,-4.0,0.0,high,B11,simplified ground-grid dark point
DZ0174,76.0,-2.0,0.0,high,B11,simplified ground-grid dark point
DZ0175,76.0,0.0,0.0,high,B05,simplified ground-grid dark point
DZ0176,76.0,2.0,0.0,high,B05,simplified ground-grid dark point
DZ0177,76.0,4.0,1.0,high,B05,simplified ground-grid dark point
DZ0178,78.0,-4.0,0.0,high,B11,simplified ground-grid dark point
DZ0179,78.0,-2.0,0.0,high,B11,simplified ground-grid dark point
DZ0180,78.0,0.0,0.0,high,B05,simplified ground-grid dark point
DZ0181,78.0,2.0,0.0,high,B05,simplified ground-grid dark point
DZ0182,78.0,4.0,2.0,medium,B05,simplified ground-grid dark point
DZ0183,80.0,-4.0,0.0,high,B11,simplified ground-grid dark point
DZ0184,80.0,-2.0,1.0,high,B11,simplified ground-grid dark point
DZ0185,80.0,0.0,1.0,high,B05,simplified ground-grid dark point
DZ0186,80.0,2.0,1.0,high,B05,simplified ground-grid dark point
DZ0187,82.0,-10.0,1.0,high,B11,simplified ground-grid dark point
DZ0188,82.0,-8.0,1.0,high,B11,simplified ground-grid dark point
DZ0189,82.0,-6.0,1.0,high,B11,simplified ground-grid dark point
DZ0190,82.0,-4.0,1.0,high,B11,simplified ground-grid dark point
DZ0191,82.0,-2.0,1.0,high,B11,simplified ground-grid dark point
DZ0192,82.0,0.0,1.0,high,B05,simplified ground-grid dark point
DZ0193,82.0,2.0,1.0,high,B05,simplified ground-grid dark point
DZ0194,82.0,4.0,2.0,medium,B05,simplified ground-grid dark point
DZ0195,84.0,-10.0,1.0,high,B12,simplified ground-grid dark point
DZ0196,84.0,-8.0,1.0,high,B12,simplified ground-grid dark point
DZ0197,84.0,-6.0,1.0,high,B12,simplified ground-grid dark point
DZ0198,84.0,-4.0,1.0,high,B12,simplified ground-grid dark point
DZ0199,84.0,-2.0,1.0,high,B12,simplified ground-grid dark point
DZ0200,84.0,0.0,1.0,high,B05,simplified ground-grid dark point
DZ0201,84.0,2.0,2.0,medium,B05,simplified ground-grid dark point
DZ0202,84.0,4.0,2.0,medium,B05,simplified ground-grid dark point
DZ0203,84.0,10.0,1.0,high,B05,simplified ground-grid dark point
DZ0204,86.0,-4.0,0.0,high,B12,simplified ground-grid dark point
DZ0205,86.0,-2.0,1.0,high,B12,simplified ground-grid dark point
DZ0206,86.0,0.0,1.0,high,B06,simplified ground-grid dark point
DZ0207,86.0,2.0,2.0,medium,B06,simplified ground-grid dark point
DZ0208,88.0,-4.0,0.0,high,B12,simplified ground-grid dark point
DZ0209,88.0,-2.0,0.0,high,B12,simplified ground-grid dark point
DZ0210,88.0,0.0,1.0,high,B06,simplified ground-grid dark point
DZ0211,88.0,2.0,2.0,medium,B06,simplified ground-grid dark point
DZ0212,90.0,-4.0,0.0,high,B12,simplified ground-grid dark point
DZ0213,90.0,-2.0,1.0,high,B12,simplified ground-grid dark point
DZ0214,90.0,0.0,2.0,medium,B06,simplified ground-grid dark point
DZ0215,92.0,-4.0,1.0,high,B12,simplified ground-grid dark point
DZ0216,92.0,-2.0,2.0,medium,B12,simplified ground-grid dark point
